
================================================================================
Run started: 2026-09-04T15:05:41
GUI mode: expert
Run ended: 2026-09-04T15:14:07

================================================================================
Run started: 2026-09-04T15:47:57
GUI mode: expert
Downloading: "https://github.com/explosion/spacy-pkuseg/releases/download/v0.0.26/spacy_ontonotes.zip" to C:\Users\HUAWEI/.pkuseg\spacy_ontonotes.zip

  0%|          | 0/34567143 [00:00<?, ?it/s]
  0%|          | 65536/34567143 [00:00<01:06, 516443.16it/s]
  0%|          | 122880/34567143 [00:00<01:28, 390779.20it/s]
  1%|          | 229376/34567143 [00:00<01:10, 489072.69it/s]
  1%|          | 311296/34567143 [00:00<01:36, 356195.16it/s]
  2%|▏         | 573440/34567143 [00:01<00:52, 653655.44it/s]
  2%|▏         | 737280/34567143 [00:01<00:40, 829075.98it/s]
  2%|▏         | 851968/34567143 [00:01<00:38, 885045.57it/s]
  3%|▎         | 1032192/34567143 [00:01<00:30, 1092860.00it/s]
  3%|▎         | 1196032/34567143 [00:01<00:27, 1224068.23it/s]
  4%|▍         | 1335296/34567143 [00:01<00:39, 844252.57it/s] 
  5%|▍         | 1556480/34567143 [00:01<00:32, 1021719.54it/s]
  6%|▌         | 1916928/34567143 [00:01<00:21, 1529396.65it/s]
  6%|▌         | 2105344/34567143 [00:02<00:32, 1003949.17it/s]
  7%|▋         | 2293760/34567143 [00:02<00:32, 981325.15it/s] 
  7%|▋         | 2441216/34567143 [00:02<00:31, 1019304.64it/s]
  7%|▋         | 2588672/34567143 [00:02<00:31, 1009479.40it/s]
  8%|▊         | 2834432/34567143 [00:02<00:25, 1242923.99it/s]
  9%|▊         | 2981888/34567143 [00:03<00:33, 950603.64it/s] 
  9%|▉         | 3104768/34567143 [00:03<00:46, 674312.84it/s]
  9%|▉         | 3211264/34567143 [00:03<00:57, 541760.67it/s]
 10%|▉         | 3325952/34567143 [00:04<00:54, 576577.37it/s]
 10%|▉         | 3399680/34567143 [00:04<01:15, 412386.93it/s]
 10%|█         | 3457024/34567143 [00:04<01:30, 343092.19it/s]
 10%|█         | 3506176/34567143 [00:05<01:46, 292199.38it/s]
 10%|█         | 3547136/34567143 [00:05<02:28, 208320.49it/s]
 10%|█         | 3588096/34567143 [00:05<02:28, 208211.37it/s]
 10%|█         | 3620864/34567143 [00:06<03:03, 168752.24it/s]
 11%|█         | 3645440/34567143 [00:06<03:08, 164335.27it/s]
 11%|█         | 3670016/34567143 [00:06<03:41, 139721.89it/s]
 11%|█         | 3686400/34567143 [00:06<03:43, 137864.04it/s]
 11%|█         | 3702784/34567143 [00:06<03:54, 131668.45it/s]
 11%|█         | 3719168/34567143 [00:06<03:51, 133065.42it/s]
 11%|█         | 3735552/34567143 [00:07<05:01, 102257.63it/s]
 11%|█         | 3751936/34567143 [00:07<04:59, 102867.15it/s]
 11%|█         | 3784704/34567143 [00:07<04:50, 105925.45it/s]
 11%|█         | 3801088/34567143 [00:07<05:14, 97920.82it/s] 
 11%|█         | 3817472/34567143 [00:08<05:10, 99114.30it/s]
 11%|█         | 3833856/34567143 [00:08<05:21, 95716.11it/s]
 11%|█         | 3850240/34567143 [00:08<04:56, 103699.68it/s]
 11%|█         | 3866624/34567143 [00:08<07:10, 71261.97it/s] 
 11%|█▏        | 3899392/34567143 [00:08<04:54, 104092.61it/s]
 11%|█▏        | 3915776/34567143 [00:09<05:11, 98255.23it/s] 
 11%|█▏        | 3932160/34567143 [00:09<05:22, 94933.29it/s]
 11%|█▏        | 3948544/34567143 [00:09<05:22, 94958.21it/s]
 11%|█▏        | 3964928/34567143 [00:09<05:16, 96655.04it/s]
 12%|█▏        | 3981312/34567143 [00:09<05:16, 96702.98it/s]
 12%|█▏        | 3997696/34567143 [00:09<04:46, 106513.93it/s]
 12%|█▏        | 4014080/34567143 [00:10<04:32, 112174.94it/s]
 12%|█▏        | 4030464/34567143 [00:10<04:25, 115178.59it/s]
 12%|█▏        | 4046848/34567143 [00:10<04:23, 115954.44it/s]
 12%|█▏        | 4063232/34567143 [00:10<04:22, 116255.33it/s]
 12%|█▏        | 4079616/34567143 [00:10<06:03, 83861.11it/s] 
 12%|█▏        | 4112384/34567143 [00:11<05:10, 98035.15it/s]
 12%|█▏        | 4128768/34567143 [00:11<04:53, 103777.83it/s]
 12%|█▏        | 4145152/34567143 [00:11<05:11, 97728.88it/s] 
 12%|█▏        | 4161536/34567143 [00:11<05:13, 97056.48it/s]
 12%|█▏        | 4177920/34567143 [00:11<04:43, 107318.40it/s]
 12%|█▏        | 4194304/34567143 [00:11<04:42, 107466.43it/s]
 12%|█▏        | 4210688/34567143 [00:11<04:44, 106685.30it/s]
 12%|█▏        | 4227072/34567143 [00:12<06:43, 75153.65it/s] 
 12%|█▏        | 4259840/34567143 [00:12<05:49, 86816.31it/s]
 12%|█▏        | 4276224/34567143 [00:12<05:28, 92340.48it/s]
 12%|█▏        | 4292608/34567143 [00:13<06:09, 81964.44it/s]
 12%|█▏        | 4308992/34567143 [00:13<06:31, 77297.24it/s]
 13%|█▎        | 4325376/34567143 [00:13<06:48, 74095.58it/s]
 13%|█▎        | 4341760/34567143 [00:13<06:43, 74838.65it/s]
 13%|█▎        | 4358144/34567143 [00:14<07:29, 67139.87it/s]
 13%|█▎        | 4374528/34567143 [00:14<07:14, 69550.67it/s]
 13%|█▎        | 4390912/34567143 [00:14<07:09, 70277.14it/s]
 13%|█▎        | 4407296/34567143 [00:14<06:53, 72900.97it/s]
 13%|█▎        | 4423680/34567143 [00:14<06:26, 78037.80it/s]
 13%|█▎        | 4440064/34567143 [00:15<06:08, 81779.01it/s]
 13%|█▎        | 4456448/34567143 [00:15<07:30, 66768.73it/s]
 13%|█▎        | 4489216/34567143 [00:15<05:45, 86998.85it/s]
 13%|█▎        | 4505600/34567143 [00:15<05:57, 84044.98it/s]
 13%|█▎        | 4521984/34567143 [00:16<06:05, 82212.15it/s]
 13%|█▎        | 4538368/34567143 [00:16<07:51, 63674.53it/s]
 13%|█▎        | 4571136/34567143 [00:16<05:44, 87059.17it/s]
 13%|█▎        | 4587520/34567143 [00:16<06:04, 82205.38it/s]
 13%|█▎        | 4603904/34567143 [00:17<06:06, 81674.87it/s]
 13%|█▎        | 4620288/34567143 [00:17<05:59, 83317.51it/s]
 13%|█▎        | 4636672/34567143 [00:17<07:42, 64725.13it/s]
 14%|█▎        | 4669440/34567143 [00:17<04:59, 99719.83it/s]
 14%|█▎        | 4685824/34567143 [00:18<05:44, 86622.27it/s]
 14%|█▎        | 4702208/34567143 [00:18<05:44, 86651.33it/s]
 14%|█▎        | 4718592/34567143 [00:18<05:50, 85244.32it/s]
 14%|█▎        | 4734976/34567143 [00:18<05:25, 91681.54it/s]
 14%|█▎        | 4751360/34567143 [00:19<07:08, 69642.12it/s]
 14%|█▍        | 4767744/34567143 [00:19<06:38, 74736.75it/s]
 14%|█▍        | 4784128/34567143 [00:19<06:04, 81772.46it/s]
 14%|█▍        | 4800512/34567143 [00:19<07:38, 64915.99it/s]
 14%|█▍        | 4816896/34567143 [00:19<06:24, 77348.70it/s]
 14%|█▍        | 4833280/34567143 [00:20<07:40, 64562.57it/s]
 14%|█▍        | 4849664/34567143 [00:20<07:33, 65542.38it/s]
 14%|█▍        | 4866048/34567143 [00:20<07:31, 65732.38it/s]
 14%|█▍        | 4882432/34567143 [00:20<07:53, 62632.51it/s]
 14%|█▍        | 4898816/34567143 [00:21<07:42, 64163.97it/s]
 14%|█▍        | 4915200/34567143 [00:21<07:08, 69255.13it/s]
 14%|█▍        | 4931584/34567143 [00:21<06:44, 73271.33it/s]
 14%|█▍        | 4947968/34567143 [00:21<06:52, 71724.26it/s]
 14%|█▍        | 4964352/34567143 [00:22<06:38, 74376.05it/s]
 14%|█▍        | 4980736/34567143 [00:22<06:10, 79884.50it/s]
 14%|█▍        | 4997120/34567143 [00:22<05:58, 82455.77it/s]
 15%|█▍        | 5013504/34567143 [00:22<05:51, 84173.17it/s]
 15%|█▍        | 5029888/34567143 [00:22<05:19, 92443.25it/s]
 15%|█▍        | 5046272/34567143 [00:22<05:14, 93840.87it/s]
 15%|█▍        | 5062656/34567143 [00:23<05:18, 92775.94it/s]
 15%|█▍        | 5079040/34567143 [00:23<05:06, 96247.10it/s]
 15%|█▍        | 5095424/34567143 [00:23<05:14, 93597.79it/s]
 15%|█▍        | 5111808/34567143 [00:23<04:41, 104509.87it/s]
 15%|█▍        | 5128192/34567143 [00:23<06:30, 75417.90it/s] 
 15%|█▍        | 5160960/34567143 [00:24<04:46, 102494.70it/s]
 15%|█▍        | 5177344/34567143 [00:24<04:54, 99654.63it/s] 
 15%|█▌        | 5193728/34567143 [00:24<05:06, 95755.34it/s]
 15%|█▌        | 5210112/34567143 [00:24<05:13, 93764.48it/s]
 15%|█▌        | 5226496/34567143 [00:24<04:42, 103784.13it/s]
 15%|█▌        | 5242880/34567143 [00:24<04:44, 103219.49it/s]
 15%|█▌        | 5259264/34567143 [00:25<04:39, 104822.29it/s]
 15%|█▌        | 5275648/34567143 [00:25<04:47, 102026.78it/s]
 15%|█▌        | 5292032/34567143 [00:25<04:27, 109390.59it/s]
 15%|█▌        | 5308416/34567143 [00:25<04:24, 110804.02it/s]
 15%|█▌        | 5324800/34567143 [00:25<04:31, 107827.88it/s]
 15%|█▌        | 5341184/34567143 [00:25<04:26, 109708.68it/s]
 15%|█▌        | 5357568/34567143 [00:25<04:16, 114010.88it/s]
 16%|█▌        | 5373952/34567143 [00:26<04:17, 113177.51it/s]
 16%|█▌        | 5390336/34567143 [00:26<04:26, 109554.92it/s]
 16%|█▌        | 5406720/34567143 [00:26<04:01, 120726.55it/s]
 16%|█▌        | 5423104/34567143 [00:26<04:02, 120092.91it/s]
 16%|█▌        | 5439488/34567143 [00:26<04:07, 117644.66it/s]
 16%|█▌        | 5455872/34567143 [00:26<05:30, 88164.15it/s] 
 16%|█▌        | 5488640/34567143 [00:27<04:14, 114432.61it/s]
 16%|█▌        | 5505024/34567143 [00:27<04:38, 104488.42it/s]
 16%|█▌        | 5521408/34567143 [00:27<04:32, 106729.84it/s]
 16%|█▌        | 5537792/34567143 [00:27<04:22, 110599.85it/s]
 16%|█▌        | 5554176/34567143 [00:27<04:16, 113136.39it/s]
 16%|█▌        | 5570560/34567143 [00:27<04:20, 111333.59it/s]
 16%|█▌        | 5586944/34567143 [00:27<04:11, 115104.64it/s]
 16%|█▌        | 5603328/34567143 [00:28<03:56, 122564.50it/s]
 16%|█▋        | 5619712/34567143 [00:28<04:00, 120284.76it/s]
 16%|█▋        | 5652480/34567143 [00:28<03:44, 129060.33it/s]
 16%|█▋        | 5668864/34567143 [00:28<03:40, 131052.26it/s]
 16%|█▋        | 5685248/34567143 [00:28<04:49, 99733.28it/s] 
 17%|█▋        | 5718016/34567143 [00:29<03:59, 120262.63it/s]
 17%|█▋        | 5734400/34567143 [00:29<04:23, 109453.99it/s]
 17%|█▋        | 5750784/34567143 [00:29<04:35, 104776.81it/s]
 17%|█▋        | 5767168/34567143 [00:29<04:19, 111104.98it/s]
 17%|█▋        | 5783552/34567143 [00:29<05:54, 81210.27it/s] 
 17%|█▋        | 5816320/34567143 [00:30<04:11, 114197.10it/s]
 17%|█▋        | 5832704/34567143 [00:30<04:39, 102845.99it/s]
 17%|█▋        | 5849088/34567143 [00:30<04:46, 100199.54it/s]
 17%|█▋        | 5865472/34567143 [00:30<04:56, 96657.56it/s] 
 17%|█▋        | 5881856/34567143 [00:30<04:40, 102192.00it/s]
 17%|█▋        | 5898240/34567143 [00:30<04:52, 98010.76it/s] 
 17%|█▋        | 5914624/34567143 [00:31<04:51, 98369.93it/s]
 17%|█▋        | 5931008/34567143 [00:31<04:55, 96957.03it/s]
 17%|█▋        | 5947392/34567143 [00:31<04:54, 97240.37it/s]
 17%|█▋        | 5963776/34567143 [00:31<05:00, 95227.65it/s]
 17%|█▋        | 5980160/34567143 [00:31<04:37, 103079.52it/s]
 17%|█▋        | 5996544/34567143 [00:31<04:45, 99933.99it/s] 
 17%|█▋        | 6012928/34567143 [00:32<04:35, 103831.65it/s]
 17%|█▋        | 6029312/34567143 [00:32<04:14, 112040.41it/s]
 17%|█▋        | 6045696/34567143 [00:32<04:19, 110088.37it/s]
 18%|█▊        | 6062080/34567143 [00:32<04:14, 111969.59it/s]
 18%|█▊        | 6078464/34567143 [00:32<04:05, 116264.33it/s]
 18%|█▊        | 6094848/34567143 [00:32<03:54, 121271.95it/s]
 18%|█▊        | 6111232/34567143 [00:32<03:55, 120636.21it/s]
 18%|█▊        | 6127616/34567143 [00:32<03:46, 125796.75it/s]
 18%|█▊        | 6144000/34567143 [00:33<03:48, 124236.02it/s]
 18%|█▊        | 6160384/34567143 [00:33<03:53, 121643.13it/s]
 18%|█▊        | 6176768/34567143 [00:33<03:37, 130789.10it/s]
 18%|█▊        | 6193152/34567143 [00:33<04:57, 95367.06it/s] 
 18%|█▊        | 6209536/34567143 [00:33<04:44, 99781.95it/s]
 18%|█▊        | 6242304/34567143 [00:34<04:26, 106341.34it/s]
 18%|█▊        | 6258688/34567143 [00:34<05:43, 82519.13it/s] 
 18%|█▊        | 6291456/34567143 [00:34<04:43, 99843.14it/s]
 18%|█▊        | 6307840/34567143 [00:34<05:09, 91369.33it/s]
 18%|█▊        | 6324224/34567143 [00:35<05:03, 93010.74it/s]
 18%|█▊        | 6340608/34567143 [00:35<05:05, 92429.71it/s]
 18%|█▊        | 6356992/34567143 [00:35<04:52, 96462.49it/s]
 18%|█▊        | 6373376/34567143 [00:35<05:09, 91142.71it/s]
 18%|█▊        | 6389760/34567143 [00:35<05:02, 93026.77it/s]
 19%|█▊        | 6406144/34567143 [00:35<04:59, 94138.68it/s]
 19%|█▊        | 6422528/34567143 [00:36<04:50, 96827.22it/s]
 19%|█▊        | 6438912/34567143 [00:36<06:52, 68133.38it/s]
 19%|█▊        | 6471680/34567143 [00:36<04:39, 100408.36it/s]
 19%|█▉        | 6488064/34567143 [00:36<05:08, 90925.38it/s] 
 19%|█▉        | 6504448/34567143 [00:37<05:16, 88752.16it/s]
 19%|█▉        | 6520832/34567143 [00:37<05:21, 87218.99it/s]
 19%|█▉        | 6537216/34567143 [00:37<04:59, 93633.13it/s]
 19%|█▉        | 6553600/34567143 [00:37<05:05, 91728.86it/s]
 19%|█▉        | 6569984/34567143 [00:37<04:50, 96489.91it/s]
 19%|█▉        | 6586368/34567143 [00:37<04:34, 102011.12it/s]
 19%|█▉        | 6602752/34567143 [00:38<04:26, 105079.25it/s]
 19%|█▉        | 6619136/34567143 [00:38<06:05, 76386.08it/s] 
 19%|█▉        | 6651904/34567143 [00:38<05:12, 89292.35it/s]
 19%|█▉        | 6668288/34567143 [00:38<05:38, 82397.20it/s]
 19%|█▉        | 6684672/34567143 [00:39<05:10, 89839.92it/s]
 19%|█▉        | 6701056/34567143 [00:39<05:07, 90714.75it/s]
 19%|█▉        | 6717440/34567143 [00:39<05:14, 88573.89it/s]
 19%|█▉        | 6733824/34567143 [00:39<05:03, 91829.73it/s]
 20%|█▉        | 6750208/34567143 [00:39<04:47, 96695.89it/s]
 20%|█▉        | 6766592/34567143 [00:39<04:35, 101066.07it/s]
 20%|█▉        | 6782976/34567143 [00:40<04:33, 101678.08it/s]
 20%|█▉        | 6799360/34567143 [00:40<04:29, 103142.26it/s]
 20%|█▉        | 6815744/34567143 [00:40<04:33, 101493.14it/s]
 20%|█▉        | 6832128/34567143 [00:40<04:17, 107771.88it/s]
 20%|█▉        | 6848512/34567143 [00:40<04:23, 105253.85it/s]
 20%|█▉        | 6864896/34567143 [00:40<04:41, 98263.25it/s] 
 20%|█▉        | 6881280/34567143 [00:40<04:25, 104320.90it/s]
 20%|█▉        | 6897664/34567143 [00:41<04:16, 108004.95it/s]
 20%|██        | 6914048/34567143 [00:41<04:14, 108838.79it/s]
 20%|██        | 6930432/34567143 [00:41<04:08, 111356.89it/s]
 20%|██        | 6946816/34567143 [00:41<04:04, 113052.24it/s]
 20%|██        | 6963200/34567143 [00:41<03:50, 119727.67it/s]
 20%|██        | 6979584/34567143 [00:41<04:04, 112651.14it/s]
 20%|██        | 6995968/34567143 [00:41<03:55, 117222.05it/s]
 20%|██        | 7012352/34567143 [00:42<03:48, 120488.11it/s]
 20%|██        | 7028736/34567143 [00:42<03:45, 122306.75it/s]
 20%|██        | 7045120/34567143 [00:42<03:40, 125005.96it/s]
 20%|██        | 7061504/34567143 [00:42<05:20, 85894.54it/s] 
 21%|██        | 7094272/34567143 [00:42<03:31, 130109.96it/s]
 21%|██        | 7118848/34567143 [00:43<05:05, 89761.69it/s] 
 21%|██        | 7143424/34567143 [00:43<04:23, 103926.18it/s]
 21%|██        | 7159808/34567143 [00:43<04:51, 94010.56it/s] 
 21%|██        | 7176192/34567143 [00:43<04:53, 93206.92it/s]
 21%|██        | 7192576/34567143 [00:44<06:48, 66958.93it/s]
 21%|██        | 7225344/34567143 [00:44<05:17, 86129.20it/s]
 21%|██        | 7241728/34567143 [00:44<05:39, 80503.16it/s]
 21%|██        | 7258112/34567143 [00:44<06:10, 73744.52it/s]
 21%|██        | 7274496/34567143 [00:45<05:54, 76941.68it/s]
 21%|██        | 7290880/34567143 [00:45<06:49, 66602.40it/s]
 21%|██        | 7323648/34567143 [00:45<06:01, 75356.37it/s]
 21%|██        | 7340032/34567143 [00:46<06:16, 72349.36it/s]
 21%|██▏       | 7356416/34567143 [00:46<06:04, 74720.48it/s]
 21%|██▏       | 7372800/34567143 [00:46<05:54, 76629.71it/s]
 21%|██▏       | 7389184/34567143 [00:46<05:29, 82474.32it/s]
 21%|██▏       | 7405568/34567143 [00:46<05:30, 82226.67it/s]
 21%|██▏       | 7421952/34567143 [00:47<07:12, 62767.96it/s]
 22%|██▏       | 7454720/34567143 [00:47<08:05, 55900.36it/s]
 22%|██▏       | 7487488/34567143 [00:48<07:16, 62076.13it/s]
 22%|██▏       | 7503872/34567143 [00:48<07:11, 62651.25it/s]
 22%|██▏       | 7520256/34567143 [00:48<07:38, 59008.69it/s]
 22%|██▏       | 7536640/34567143 [00:49<07:47, 57875.05it/s]
 22%|██▏       | 7553024/34567143 [00:49<07:18, 61621.22it/s]
 22%|██▏       | 7569408/34567143 [00:49<07:11, 62604.23it/s]
 22%|██▏       | 7585792/34567143 [00:49<06:38, 67778.01it/s]
 22%|██▏       | 7602176/34567143 [00:50<06:14, 71920.37it/s]
 22%|██▏       | 7618560/34567143 [00:50<06:01, 74526.16it/s]
 22%|██▏       | 7634944/34567143 [00:50<05:48, 77275.48it/s]
 22%|██▏       | 7651328/34567143 [00:50<06:14, 71904.12it/s]
 22%|██▏       | 7667712/34567143 [00:50<05:35, 80217.36it/s]
 22%|██▏       | 7684096/34567143 [00:51<05:51, 76398.20it/s]
 22%|██▏       | 7700480/34567143 [00:51<05:47, 77267.02it/s]
 22%|██▏       | 7716864/34567143 [00:51<06:03, 73879.66it/s]
 22%|██▏       | 7733248/34567143 [00:51<05:31, 80856.31it/s]
 22%|██▏       | 7749632/34567143 [00:52<07:31, 59431.78it/s]
 23%|██▎       | 7782400/34567143 [00:52<07:24, 60214.46it/s]
 23%|██▎       | 7798784/34567143 [00:52<06:45, 65963.73it/s]
 23%|██▎       | 7815168/34567143 [00:53<06:25, 69404.94it/s]
 23%|██▎       | 7831552/34567143 [00:53<07:18, 60912.74it/s]
 23%|██▎       | 7847936/34567143 [00:53<07:01, 63370.06it/s]
 23%|██▎       | 7864320/34567143 [00:53<07:05, 62817.28it/s]
 23%|██▎       | 7880704/34567143 [00:54<07:03, 63033.29it/s]
 23%|██▎       | 7897088/34567143 [00:54<07:01, 63221.28it/s]
 23%|██▎       | 7913472/34567143 [00:54<06:32, 67938.86it/s]
 23%|██▎       | 7929856/34567143 [00:54<06:09, 72087.80it/s]
 23%|██▎       | 7946240/34567143 [00:55<05:58, 74195.07it/s]
 23%|██▎       | 7962624/34567143 [00:55<05:49, 76160.64it/s]
 23%|██▎       | 7979008/34567143 [00:55<05:37, 78769.47it/s]
 23%|██▎       | 7995392/34567143 [00:55<05:29, 80623.72it/s]
 23%|██▎       | 8011776/34567143 [00:55<05:24, 81940.51it/s]
 23%|██▎       | 8028160/34567143 [00:56<05:21, 82617.47it/s]
 23%|██▎       | 8044544/34567143 [00:56<04:45, 92860.43it/s]
 23%|██▎       | 8060928/34567143 [00:56<04:26, 99591.54it/s]
 23%|██▎       | 8077312/34567143 [00:56<04:26, 99243.30it/s]
 23%|██▎       | 8093696/34567143 [00:56<04:15, 103763.43it/s]
 23%|██▎       | 8110080/34567143 [00:56<04:03, 108590.10it/s]
 24%|██▎       | 8126464/34567143 [00:56<04:02, 109112.01it/s]
 24%|██▎       | 8142848/34567143 [00:57<04:02, 108757.79it/s]
 24%|██▎       | 8159232/34567143 [00:57<05:29, 80236.73it/s] 
 24%|██▎       | 8200192/34567143 [00:57<03:11, 137331.87it/s]
 24%|██▍       | 8224768/34567143 [00:57<04:25, 99188.89it/s] 
 24%|██▍       | 8241152/34567143 [00:58<04:22, 100387.23it/s]
 24%|██▍       | 8257536/34567143 [00:58<04:24, 99590.44it/s] 
 24%|██▍       | 8273920/34567143 [00:58<04:06, 106768.60it/s]
 24%|██▍       | 8290304/34567143 [00:58<04:06, 106674.58it/s]
 24%|██▍       | 8306688/34567143 [00:58<03:44, 116891.48it/s]
 24%|██▍       | 8323072/34567143 [00:58<03:42, 118127.14it/s]
 24%|██▍       | 8339456/34567143 [00:58<03:46, 115862.02it/s]
 24%|██▍       | 8355840/34567143 [00:58<03:28, 125860.54it/s]
 24%|██▍       | 8372224/34567143 [00:59<03:28, 125614.68it/s]
 24%|██▍       | 8388608/34567143 [00:59<03:47, 115143.07it/s]
 24%|██▍       | 8404992/34567143 [00:59<03:29, 124857.82it/s]
 24%|██▍       | 8421376/34567143 [00:59<03:36, 120925.09it/s]
 24%|██▍       | 8437760/34567143 [00:59<03:46, 115326.45it/s]
 24%|██▍       | 8454144/34567143 [00:59<03:26, 126293.24it/s]
 25%|██▍       | 8470528/34567143 [00:59<03:32, 122762.14it/s]
 25%|██▍       | 8486912/34567143 [01:00<03:37, 120170.42it/s]
 25%|██▍       | 8503296/34567143 [01:00<05:33, 78215.76it/s] 
 25%|██▍       | 8536064/34567143 [01:00<03:37, 119625.14it/s]
 25%|██▍       | 8552448/34567143 [01:00<04:03, 106733.03it/s]
 25%|██▍       | 8568832/34567143 [01:00<04:16, 101349.70it/s]
 25%|██▍       | 8585216/34567143 [01:01<04:00, 107992.18it/s]
 25%|██▍       | 8601600/34567143 [01:01<04:06, 105286.41it/s]
 25%|██▍       | 8617984/34567143 [01:01<04:01, 107439.60it/s]
 25%|██▍       | 8634368/34567143 [01:01<05:24, 79916.67it/s] 
 25%|██▌       | 8683520/34567143 [01:02<03:49, 113016.75it/s]
 25%|██▌       | 8699904/34567143 [01:02<03:52, 111252.80it/s]
 25%|██▌       | 8716288/34567143 [01:02<03:59, 108094.22it/s]
 25%|██▌       | 8732672/34567143 [01:02<04:01, 106879.40it/s]
 25%|██▌       | 8749056/34567143 [01:02<04:05, 105175.73it/s]
 25%|██▌       | 8765440/34567143 [01:02<03:43, 115380.68it/s]
 25%|██▌       | 8781824/34567143 [01:02<03:35, 119544.86it/s]
 25%|██▌       | 8798208/34567143 [01:03<03:23, 126363.60it/s]
 25%|██▌       | 8814592/34567143 [01:03<03:17, 130476.98it/s]
 26%|██▌       | 8830976/34567143 [01:03<03:22, 127059.79it/s]
 26%|██▌       | 8847360/34567143 [01:03<03:11, 134589.18it/s]
 26%|██▌       | 8863744/34567143 [01:03<03:13, 133074.83it/s]
 26%|██▌       | 8880128/34567143 [01:03<03:22, 126597.57it/s]
 26%|██▌       | 8896512/34567143 [01:03<03:13, 132596.89it/s]
 26%|██▌       | 8912896/34567143 [01:03<03:18, 129075.29it/s]
 26%|██▌       | 8929280/34567143 [01:04<03:18, 129071.69it/s]
 26%|██▌       | 8945664/34567143 [01:04<03:17, 129478.19it/s]
 26%|██▌       | 8962048/34567143 [01:04<03:20, 127665.69it/s]
 26%|██▌       | 8978432/34567143 [01:04<03:11, 133486.57it/s]
 26%|██▌       | 8994816/34567143 [01:04<03:19, 128171.47it/s]
 26%|██▌       | 9011200/34567143 [01:04<03:13, 131808.88it/s]
 26%|██▌       | 9035776/34567143 [01:04<02:38, 161008.21it/s]
 26%|██▌       | 9060352/34567143 [01:05<03:31, 120467.62it/s]
 26%|██▋       | 9076736/34567143 [01:05<03:26, 123380.05it/s]
 26%|██▋       | 9093120/34567143 [01:05<03:16, 129583.72it/s]
 26%|██▋       | 9109504/34567143 [01:05<03:15, 130233.14it/s]
 26%|██▋       | 9125888/34567143 [01:05<03:06, 136104.90it/s]
 26%|██▋       | 9142272/34567143 [01:05<03:05, 137191.43it/s]
 26%|██▋       | 9158656/34567143 [01:05<03:06, 136240.26it/s]
 27%|██▋       | 9175040/34567143 [01:05<03:07, 135306.20it/s]
 27%|██▋       | 9207808/34567143 [01:06<02:56, 143928.16it/s]
 27%|██▋       | 9224192/34567143 [01:06<02:51, 147443.69it/s]
 27%|██▋       | 9240576/34567143 [01:06<04:25, 95370.39it/s] 
 27%|██▋       | 9306112/34567143 [01:06<02:40, 157826.28it/s]
 27%|██▋       | 9330688/34567143 [01:06<02:33, 164074.69it/s]
 27%|██▋       | 9355264/34567143 [01:07<02:54, 144622.15it/s]
 27%|██▋       | 9371648/34567143 [01:07<02:55, 143386.16it/s]
 27%|██▋       | 9388032/34567143 [01:07<02:51, 146765.52it/s]
 27%|██▋       | 9420800/34567143 [01:07<02:52, 145569.26it/s]
 27%|██▋       | 9453568/34567143 [01:07<02:45, 151659.07it/s]
 27%|██▋       | 9486336/34567143 [01:07<02:45, 151488.18it/s]
 28%|██▊       | 9519104/34567143 [01:08<02:42, 154239.55it/s]
 28%|██▊       | 9551872/34567143 [01:08<02:39, 156690.48it/s]
 28%|██▊       | 9584640/34567143 [01:08<02:35, 160674.45it/s]
 28%|██▊       | 9617408/34567143 [01:08<02:36, 159362.79it/s]
 28%|██▊       | 9650176/34567143 [01:08<02:30, 166064.38it/s]
 28%|██▊       | 9674752/34567143 [01:09<02:25, 171360.67it/s]
 28%|██▊       | 9699328/34567143 [01:09<02:33, 161710.85it/s]
 28%|██▊       | 9732096/34567143 [01:09<02:35, 159617.59it/s]
 28%|██▊       | 9748480/34567143 [01:09<03:43, 111262.65it/s]
 28%|██▊       | 9797632/34567143 [01:09<02:30, 164113.05it/s]
 28%|██▊       | 9822208/34567143 [01:10<02:26, 169469.94it/s]
 28%|██▊       | 9846784/34567143 [01:10<02:54, 141551.75it/s]
 29%|██▊       | 9871360/34567143 [01:10<03:31, 116652.43it/s]
 29%|██▊       | 9895936/34567143 [01:10<03:00, 136405.66it/s]
 29%|██▊       | 9920512/34567143 [01:10<03:00, 136870.18it/s]
 29%|██▊       | 9936896/34567143 [01:11<03:01, 135994.06it/s]
 29%|██▉       | 9953280/34567143 [01:11<03:19, 123293.65it/s]
 29%|██▉       | 9969664/34567143 [01:11<03:27, 118276.88it/s]
 29%|██▉       | 9986048/34567143 [01:11<03:30, 116697.23it/s]
 29%|██▉       | 10002432/34567143 [01:11<03:14, 126224.67it/s]
 29%|██▉       | 10018816/34567143 [01:11<03:13, 127094.53it/s]
 29%|██▉       | 10035200/34567143 [01:11<03:21, 121809.47it/s]
 29%|██▉       | 10051584/34567143 [01:12<05:00, 81651.07it/s] 
 29%|██▉       | 10092544/34567143 [01:12<03:53, 104613.41it/s]
 29%|██▉       | 10108928/34567143 [01:12<04:01, 101230.67it/s]
 29%|██▉       | 10125312/34567143 [01:12<04:04, 100123.45it/s]
 29%|██▉       | 10141696/34567143 [01:13<03:57, 103038.06it/s]
 29%|██▉       | 10158080/34567143 [01:13<04:08, 98065.46it/s] 
 29%|██▉       | 10174464/34567143 [01:13<03:50, 105697.41it/s]
 29%|██▉       | 10190848/34567143 [01:13<03:40, 110603.29it/s]
 30%|██▉       | 10207232/34567143 [01:13<03:38, 111446.25it/s]
 30%|██▉       | 10223616/34567143 [01:13<03:36, 112232.62it/s]
 30%|██▉       | 10240000/34567143 [01:13<03:33, 113697.25it/s]
 30%|██▉       | 10256384/34567143 [01:14<03:21, 120607.69it/s]
 30%|██▉       | 10272768/34567143 [01:14<03:23, 119189.81it/s]
 30%|██▉       | 10289152/34567143 [01:14<03:28, 116381.30it/s]
 30%|██▉       | 10305536/34567143 [01:14<03:17, 122630.11it/s]
 30%|██▉       | 10321920/34567143 [01:14<03:37, 111409.25it/s]
 30%|██▉       | 10338304/34567143 [01:14<03:32, 114260.89it/s]
 30%|██▉       | 10354688/34567143 [01:14<03:44, 107871.57it/s]
 30%|███       | 10371072/34567143 [01:15<03:39, 110252.08it/s]
 30%|███       | 10387456/34567143 [01:15<03:22, 119200.02it/s]
 30%|███       | 10403840/34567143 [01:15<03:19, 121423.38it/s]
 30%|███       | 10420224/34567143 [01:15<03:13, 125031.69it/s]
 30%|███       | 10436608/34567143 [01:15<03:04, 131039.53it/s]
 30%|███       | 10452992/34567143 [01:15<03:05, 129938.56it/s]
 30%|███       | 10469376/34567143 [01:15<03:09, 127145.22it/s]
 30%|███       | 10485760/34567143 [01:15<02:59, 134145.39it/s]
 30%|███       | 10502144/34567143 [01:16<02:59, 134227.93it/s]
 30%|███       | 10534912/34567143 [01:16<02:51, 140534.72it/s]
 31%|███       | 10551296/34567143 [01:16<02:46, 143853.64it/s]
 31%|███       | 10567680/34567143 [01:16<02:53, 137998.93it/s]
 31%|███       | 10584064/34567143 [01:16<02:49, 141504.20it/s]
 31%|███       | 10600448/34567143 [01:16<02:45, 144542.35it/s]
 31%|███       | 10616832/34567143 [01:16<02:41, 147935.12it/s]
 31%|███       | 10633216/34567143 [01:16<02:41, 148446.22it/s]
 31%|███       | 10649600/34567143 [01:17<02:45, 144447.46it/s]
 31%|███       | 10682368/34567143 [01:17<02:28, 160677.38it/s]
 31%|███       | 10715136/34567143 [01:17<02:29, 159981.78it/s]
 31%|███       | 10747904/34567143 [01:17<03:31, 112442.38it/s]
 31%|███▏      | 10813440/34567143 [01:18<02:30, 158175.55it/s]
 31%|███▏      | 10838016/34567143 [01:18<02:20, 168511.86it/s]
 31%|███▏      | 10862592/34567143 [01:18<02:35, 152722.33it/s]
 31%|███▏      | 10887168/34567143 [01:18<02:25, 163184.43it/s]
 32%|███▏      | 10911744/34567143 [01:18<02:39, 148448.28it/s]
 32%|███▏      | 10944512/34567143 [01:18<02:32, 154404.51it/s]
 32%|███▏      | 10977280/34567143 [01:19<02:28, 159253.98it/s]
 32%|███▏      | 11010048/34567143 [01:19<02:17, 171637.35it/s]
 32%|███▏      | 11034624/34567143 [01:19<02:08, 183157.53it/s]
 32%|███▏      | 11059200/34567143 [01:19<02:11, 178371.87it/s]
 32%|███▏      | 11083776/34567143 [01:19<02:50, 138079.48it/s]
 32%|███▏      | 11141120/34567143 [01:20<02:12, 177258.45it/s]
 32%|███▏      | 11165696/34567143 [01:20<02:12, 176654.76it/s]
 32%|███▏      | 11190272/34567143 [01:20<02:29, 156182.07it/s]
 32%|███▏      | 11206656/34567143 [01:20<02:31, 154661.28it/s]
 32%|███▏      | 11223040/34567143 [01:20<02:30, 154926.80it/s]
 33%|███▎      | 11255808/34567143 [01:20<02:30, 154440.12it/s]
 33%|███▎      | 11272192/34567143 [01:20<02:29, 155440.28it/s]
 33%|███▎      | 11304960/34567143 [01:21<02:19, 167246.71it/s]
 33%|███▎      | 11337728/34567143 [01:21<02:16, 170214.98it/s]
 33%|███▎      | 11370496/34567143 [01:21<02:10, 177737.84it/s]
 33%|███▎      | 11403264/34567143 [01:21<02:07, 181316.95it/s]
 33%|███▎      | 11436032/34567143 [01:21<02:03, 186878.12it/s]
 33%|███▎      | 11468800/34567143 [01:21<02:05, 184170.30it/s]
 33%|███▎      | 11501568/34567143 [01:22<03:04, 125199.47it/s]
 33%|███▎      | 11567104/34567143 [01:22<02:41, 141975.69it/s]
 34%|███▎      | 11599872/34567143 [01:22<02:29, 153482.40it/s]
 34%|███▎      | 11624448/34567143 [01:23<02:25, 157473.16it/s]
 34%|███▎      | 11649024/34567143 [01:23<03:03, 124691.34it/s]
 34%|███▎      | 11665408/34567143 [01:23<03:12, 118764.33it/s]
 34%|███▍      | 11681792/34567143 [01:23<03:08, 121207.67it/s]
 34%|███▍      | 11698176/34567143 [01:23<03:21, 113746.10it/s]
 34%|███▍      | 11714560/34567143 [01:24<03:19, 114414.29it/s]
 34%|███▍      | 11730944/34567143 [01:24<03:19, 114555.06it/s]
 34%|███▍      | 11747328/34567143 [01:24<03:17, 115458.52it/s]
 34%|███▍      | 11763712/34567143 [01:24<03:24, 111642.08it/s]
 34%|███▍      | 11780096/34567143 [01:24<05:10, 73488.95it/s] 
 34%|███▍      | 11812864/34567143 [01:25<03:32, 107120.61it/s]
 34%|███▍      | 11829248/34567143 [01:25<03:47, 99811.73it/s] 
 34%|███▍      | 11845632/34567143 [01:25<04:41, 80787.45it/s]
 34%|███▍      | 11878400/34567143 [01:25<04:28, 84373.78it/s]
 34%|███▍      | 11894784/34567143 [01:26<04:30, 83937.21it/s]
 34%|███▍      | 11911168/34567143 [01:26<04:31, 83374.48it/s]
 35%|███▍      | 11927552/34567143 [01:26<04:54, 76777.64it/s]
 35%|███▍      | 11943936/34567143 [01:26<04:58, 75796.08it/s]
 35%|███▍      | 11960320/34567143 [01:26<04:45, 79149.66it/s]
 35%|███▍      | 11976704/34567143 [01:27<05:11, 72410.59it/s]
 35%|███▍      | 11993088/34567143 [01:27<05:32, 67865.49it/s]
 35%|███▍      | 12009472/34567143 [01:27<05:29, 68369.71it/s]
 35%|███▍      | 12025856/34567143 [01:28<05:18, 70668.53it/s]
 35%|███▍      | 12042240/34567143 [01:28<05:12, 72162.33it/s]
 35%|███▍      | 12058624/34567143 [01:28<06:21, 59025.94it/s]
 35%|███▍      | 12091392/34567143 [01:28<05:15, 71204.79it/s]
 35%|███▌      | 12107776/34567143 [01:29<05:11, 72112.12it/s]
 35%|███▌      | 12124160/34567143 [01:29<05:13, 71597.51it/s]
 35%|███▌      | 12140544/34567143 [01:29<04:52, 76600.49it/s]
 35%|███▌      | 12156928/34567143 [01:29<04:48, 77806.61it/s]
 35%|███▌      | 12173312/34567143 [01:30<04:53, 76365.74it/s]
 35%|███▌      | 12189696/34567143 [01:30<04:37, 80582.54it/s]
 35%|███▌      | 12206080/34567143 [01:30<04:39, 80038.48it/s]
 35%|███▌      | 12222464/34567143 [01:30<04:28, 83244.32it/s]
 35%|███▌      | 12238848/34567143 [01:30<04:38, 80113.39it/s]
 35%|███▌      | 12255232/34567143 [01:30<04:23, 84718.36it/s]
 36%|███▌      | 12271616/34567143 [01:31<04:11, 88680.95it/s]
 36%|███▌      | 12288000/34567143 [01:31<03:54, 95064.92it/s]
 36%|███▌      | 12304384/34567143 [01:31<03:59, 92812.45it/s]
 36%|███▌      | 12320768/34567143 [01:31<03:55, 94285.75it/s]
 36%|███▌      | 12337152/34567143 [01:31<03:47, 97564.80it/s]
 36%|███▌      | 12353536/34567143 [01:31<03:32, 104403.56it/s]
 36%|███▌      | 12369920/34567143 [01:32<03:25, 108004.73it/s]
 36%|███▌      | 12386304/34567143 [01:32<03:27, 106911.43it/s]
 36%|███▌      | 12402688/34567143 [01:32<03:11, 115476.05it/s]
 36%|███▌      | 12419072/34567143 [01:32<03:11, 115815.19it/s]
 36%|███▌      | 12435456/34567143 [01:32<03:14, 113818.25it/s]
 36%|███▌      | 12468224/34567143 [01:32<02:58, 123473.57it/s]
 36%|███▌      | 12484608/34567143 [01:33<03:03, 120038.21it/s]
 36%|███▌      | 12517376/34567143 [01:33<02:49, 129731.37it/s]
 36%|███▋      | 12533760/34567143 [01:33<02:46, 132016.07it/s]
 36%|███▋      | 12550144/34567143 [01:33<02:52, 128004.28it/s]
 36%|███▋      | 12566528/34567143 [01:33<02:43, 134623.68it/s]
 36%|███▋      | 12582912/34567143 [01:33<02:39, 137989.20it/s]
 36%|███▋      | 12615680/34567143 [01:33<02:31, 144474.90it/s]
 37%|███▋      | 12648448/34567143 [01:34<02:22, 153805.42it/s]
 37%|███▋      | 12681216/34567143 [01:34<02:15, 161514.68it/s]
 37%|███▋      | 12713984/34567143 [01:34<02:02, 178919.00it/s]
 37%|███▋      | 12746752/34567143 [01:34<02:00, 181429.87it/s]
 37%|███▋      | 12779520/34567143 [01:34<01:45, 206523.20it/s]
 37%|███▋      | 12804096/34567143 [01:34<01:44, 208289.17it/s]
 37%|███▋      | 12828672/34567143 [01:35<02:22, 152196.70it/s]
 37%|███▋      | 12910592/34567143 [01:35<01:27, 248649.70it/s]
 37%|███▋      | 12943360/34567143 [01:35<02:03, 174426.54it/s]
 38%|███▊      | 13008896/34567143 [01:35<01:38, 219103.29it/s]
 38%|███▊      | 13041664/34567143 [01:36<01:49, 196975.14it/s]
 38%|███▊      | 13074432/34567143 [01:36<01:56, 184695.72it/s]
 38%|███▊      | 13099008/34567143 [01:36<02:24, 148317.49it/s]
 38%|███▊      | 13139968/34567143 [01:36<01:58, 180523.65it/s]
 38%|███▊      | 13164544/34567143 [01:36<01:59, 179594.18it/s]
 38%|███▊      | 13189120/34567143 [01:37<02:19, 153659.26it/s]
 38%|███▊      | 13213696/34567143 [01:37<02:07, 167313.44it/s]
 38%|███▊      | 13238272/34567143 [01:37<02:34, 137905.76it/s]
 38%|███▊      | 13271040/34567143 [01:37<02:27, 144472.55it/s]
 38%|███▊      | 13303808/34567143 [01:37<02:24, 147049.70it/s]
 39%|███▊      | 13320192/34567143 [01:37<02:22, 149290.03it/s]
 39%|███▊      | 13336576/34567143 [01:38<02:22, 148849.98it/s]
 39%|███▊      | 13352960/34567143 [01:38<02:20, 151002.84it/s]
 39%|███▊      | 13369344/34567143 [01:38<02:19, 151556.13it/s]
 39%|███▉      | 13402112/34567143 [01:38<02:18, 152866.22it/s]
 39%|███▉      | 13434880/34567143 [01:38<02:13, 157932.97it/s]
 39%|███▉      | 13467648/34567143 [01:38<02:16, 154566.31it/s]
 39%|███▉      | 13500416/34567143 [01:39<02:09, 162113.16it/s]
 39%|███▉      | 13516800/34567143 [01:39<02:09, 162429.47it/s]
 39%|███▉      | 13549568/34567143 [01:39<02:07, 165184.90it/s]
 39%|███▉      | 13582336/34567143 [01:39<02:03, 170268.63it/s]
 39%|███▉      | 13606912/34567143 [01:39<01:53, 185115.70it/s]
 39%|███▉      | 13631488/34567143 [01:39<02:05, 167149.85it/s]
 40%|███▉      | 13664256/34567143 [01:40<01:59, 175178.28it/s]
 40%|███▉      | 13688832/34567143 [01:40<02:31, 137713.63it/s]
 40%|███▉      | 13729792/34567143 [01:40<02:40, 130133.56it/s]
 40%|███▉      | 13762560/34567143 [01:40<02:59, 115815.29it/s]
 40%|███▉      | 13795328/34567143 [01:41<02:57, 116856.94it/s]
 40%|███▉      | 13811712/34567143 [01:41<03:08, 110061.10it/s]
 40%|████      | 13828096/34567143 [01:41<03:33, 97328.18it/s] 
 40%|████      | 13844480/34567143 [01:41<03:39, 94207.21it/s]
 40%|████      | 13860864/34567143 [01:42<03:48, 90760.81it/s]
 40%|████      | 13877248/34567143 [01:42<03:55, 87804.53it/s]
 40%|████      | 13893632/34567143 [01:42<03:59, 86415.58it/s]
 40%|████      | 13910016/34567143 [01:42<04:01, 85679.38it/s]
 40%|████      | 13926400/34567143 [01:42<03:48, 90135.07it/s]
 40%|████      | 13942784/34567143 [01:42<03:38, 94290.07it/s]
 40%|████      | 13959168/34567143 [01:43<03:31, 97429.72it/s]
 40%|████      | 13975552/34567143 [01:43<03:34, 95915.81it/s]
 40%|████      | 13991936/34567143 [01:43<03:36, 94833.53it/s]
 41%|████      | 14008320/34567143 [01:43<03:22, 101600.56it/s]
 41%|████      | 14024704/34567143 [01:43<03:23, 100767.78it/s]
 41%|████      | 14041088/34567143 [01:43<03:14, 105454.49it/s]
 41%|████      | 14057472/34567143 [01:44<03:19, 102695.50it/s]
 41%|████      | 14073856/34567143 [01:44<03:08, 108727.57it/s]
 41%|████      | 14090240/34567143 [01:44<03:04, 111203.45it/s]
 41%|████      | 14106624/34567143 [01:44<03:02, 111848.28it/s]
 41%|████      | 14123008/34567143 [01:44<02:52, 118651.89it/s]
 41%|████      | 14139392/34567143 [01:44<03:05, 109996.99it/s]
 41%|████      | 14172160/34567143 [01:45<02:49, 120493.26it/s]
 41%|████      | 14204928/34567143 [01:45<02:39, 127476.90it/s]
 41%|████      | 14237696/34567143 [01:45<02:32, 133483.20it/s]
 41%|████▏     | 14270464/34567143 [01:45<02:23, 141235.62it/s]
 41%|████▏     | 14286848/34567143 [01:45<02:24, 139976.88it/s]
 41%|████▏     | 14303232/34567143 [01:46<03:19, 101686.98it/s]
 42%|████▏     | 14352384/34567143 [01:46<02:09, 156010.17it/s]
 42%|████▏     | 14376960/34567143 [01:46<02:39, 126669.16it/s]
 42%|████▏     | 14393344/34567143 [01:46<02:43, 123031.80it/s]
 42%|████▏     | 14417920/34567143 [01:46<02:51, 117532.94it/s]
 42%|████▏     | 14434304/34567143 [01:47<03:51, 86919.17it/s] 
 42%|████▏     | 14467072/34567143 [01:47<03:33, 94227.89it/s]
 42%|████▏     | 14483456/34567143 [01:47<03:46, 88620.79it/s]
 42%|████▏     | 14499840/34567143 [01:48<03:53, 85970.31it/s]
 42%|████▏     | 14516224/34567143 [01:48<03:56, 84776.40it/s]
 42%|████▏     | 14532608/34567143 [01:48<04:02, 82689.54it/s]
 42%|████▏     | 14548992/34567143 [01:48<04:12, 79408.99it/s]
 42%|████▏     | 14565376/34567143 [01:48<04:12, 79368.81it/s]
 42%|████▏     | 14581760/34567143 [01:49<03:56, 84372.26it/s]
 42%|████▏     | 14598144/34567143 [01:49<03:51, 86422.80it/s]
 42%|████▏     | 14614528/34567143 [01:49<03:33, 93245.29it/s]
 42%|████▏     | 14630912/34567143 [01:49<03:39, 90809.07it/s]
 42%|████▏     | 14647296/34567143 [01:50<04:59, 66497.51it/s]
 42%|████▏     | 14680064/34567143 [01:50<03:21, 98675.46it/s]
 43%|████▎     | 14696448/34567143 [01:50<03:49, 86436.51it/s]
 43%|████▎     | 14712832/34567143 [01:50<03:54, 84769.47it/s]
 43%|████▎     | 14729216/34567143 [01:50<03:43, 88581.24it/s]
 43%|████▎     | 14745600/34567143 [01:50<03:44, 88204.06it/s]
 43%|████▎     | 14761984/34567143 [01:51<04:11, 78834.60it/s]
 43%|████▎     | 14794752/34567143 [01:51<03:37, 90979.47it/s]
 43%|████▎     | 14811136/34567143 [01:51<03:53, 84616.73it/s]
 43%|████▎     | 14827520/34567143 [01:51<03:44, 87836.04it/s]
 43%|████▎     | 14843904/34567143 [01:52<04:19, 76084.61it/s]
 43%|████▎     | 14876672/34567143 [01:52<04:04, 80608.49it/s]
 43%|████▎     | 14893056/34567143 [01:52<04:09, 78835.53it/s]
 43%|████▎     | 14909440/34567143 [01:53<04:24, 74408.67it/s]
 43%|████▎     | 14925824/34567143 [01:53<04:25, 74096.83it/s]
 43%|████▎     | 14942208/34567143 [01:53<04:47, 68238.02it/s]
 43%|████▎     | 14958592/34567143 [01:53<04:34, 71515.51it/s]
 43%|████▎     | 14974976/34567143 [01:54<04:50, 67424.37it/s]
 43%|████▎     | 14991360/34567143 [01:54<05:56, 54922.62it/s]
 43%|████▎     | 15007744/34567143 [01:54<05:15, 62024.21it/s]
 43%|████▎     | 15024128/34567143 [01:54<05:20, 60983.13it/s]
 44%|████▎     | 15040512/34567143 [01:55<05:35, 58164.50it/s]
 44%|████▎     | 15056896/34567143 [01:55<05:32, 58706.74it/s]
 44%|████▎     | 15073280/34567143 [01:55<05:28, 59255.70it/s]
 44%|████▎     | 15089664/34567143 [01:56<07:45, 41859.45it/s]
 44%|████▎     | 15122432/34567143 [01:56<05:38, 57458.45it/s]
 44%|████▍     | 15138816/34567143 [01:57<05:43, 56582.38it/s]
 44%|████▍     | 15155200/34567143 [01:57<05:17, 61106.69it/s]
 44%|████▍     | 15171584/34567143 [01:57<06:21, 50890.08it/s]
 44%|████▍     | 15187968/34567143 [01:57<05:24, 59745.42it/s]
 44%|████▍     | 15204352/34567143 [01:58<05:25, 59431.20it/s]
 44%|████▍     | 15220736/34567143 [01:58<05:35, 57709.51it/s]
 44%|████▍     | 15237120/34567143 [01:58<05:29, 58657.12it/s]
 44%|████▍     | 15253504/34567143 [01:58<05:06, 62954.21it/s]
 44%|████▍     | 15269888/34567143 [01:59<05:02, 63842.31it/s]
 44%|████▍     | 15286272/34567143 [01:59<04:43, 67986.51it/s]
 44%|████▍     | 15302656/34567143 [01:59<04:47, 66974.80it/s]
 44%|████▍     | 15319040/34567143 [02:00<05:57, 53806.28it/s]
 44%|████▍     | 15351808/34567143 [02:00<04:48, 66696.68it/s]
 44%|████▍     | 15368192/34567143 [02:00<04:49, 66365.33it/s]
 45%|████▍     | 15384576/34567143 [02:01<05:00, 63918.94it/s]
 45%|████▍     | 15400960/34567143 [02:01<04:46, 67001.17it/s]
 45%|████▍     | 15417344/34567143 [02:01<04:39, 68554.55it/s]
 45%|████▍     | 15433728/34567143 [02:01<04:27, 71540.68it/s]
 45%|████▍     | 15450112/34567143 [02:01<04:13, 75307.97it/s]
 45%|████▍     | 15466496/34567143 [02:02<04:06, 77370.86it/s]
 45%|████▍     | 15482880/34567143 [02:02<04:09, 76399.63it/s]
 45%|████▍     | 15499264/34567143 [02:02<04:05, 77572.41it/s]
 45%|████▍     | 15515648/34567143 [02:02<03:57, 80098.53it/s]
 45%|████▍     | 15532032/34567143 [02:02<03:42, 85551.18it/s]
 45%|████▍     | 15548416/34567143 [02:03<03:43, 85242.28it/s]
 45%|████▌     | 15564800/34567143 [02:03<03:28, 91063.07it/s]
 45%|████▌     | 15581184/34567143 [02:03<03:27, 91616.64it/s]
 45%|████▌     | 15597568/34567143 [02:03<03:30, 90016.99it/s]
 45%|████▌     | 15613952/34567143 [02:03<03:20, 94332.10it/s]
 45%|████▌     | 15630336/34567143 [02:03<03:08, 100701.22it/s]
 45%|████▌     | 15646720/34567143 [02:03<02:56, 107104.84it/s]
 45%|████▌     | 15663104/34567143 [02:04<02:57, 106342.67it/s]
 45%|████▌     | 15679488/34567143 [02:04<02:59, 105265.46it/s]
 45%|████▌     | 15695872/34567143 [02:04<02:40, 117745.29it/s]
 45%|████▌     | 15712256/34567143 [02:04<02:40, 117496.99it/s]
 46%|████▌     | 15728640/34567143 [02:04<02:51, 109746.28it/s]
 46%|████▌     | 15745024/34567143 [02:04<02:48, 111969.85it/s]
 46%|████▌     | 15761408/34567143 [02:04<02:34, 121436.38it/s]
 46%|████▌     | 15777792/34567143 [02:05<02:29, 125977.94it/s]
 46%|████▌     | 15794176/34567143 [02:05<02:27, 127546.67it/s]
 46%|████▌     | 15826944/34567143 [02:05<02:10, 143659.06it/s]
 46%|████▌     | 15843328/34567143 [02:05<02:08, 145359.05it/s]
 46%|████▌     | 15876096/34567143 [02:05<01:58, 157902.07it/s]
 46%|████▌     | 15908864/34567143 [02:05<01:53, 164864.39it/s]
 46%|████▌     | 15941632/34567143 [02:06<01:51, 167480.21it/s]
 46%|████▌     | 15974400/34567143 [02:06<01:37, 190132.78it/s]
 46%|████▋     | 16007168/34567143 [02:06<01:35, 193732.93it/s]
 46%|████▋     | 16039936/34567143 [02:06<01:28, 209296.56it/s]
 46%|████▋     | 16072704/34567143 [02:06<01:23, 221640.36it/s]
 47%|████▋     | 16105472/34567143 [02:06<01:16, 242847.31it/s]
 47%|████▋     | 16138240/34567143 [02:06<01:13, 250927.33it/s]
 47%|████▋     | 16171008/34567143 [02:06<01:08, 268714.64it/s]
 47%|████▋     | 16203776/34567143 [02:07<01:05, 280920.29it/s]
 47%|████▋     | 16236544/34567143 [02:07<01:40, 183067.16it/s]
 47%|████▋     | 16351232/34567143 [02:07<00:50, 360237.46it/s]
 47%|████▋     | 16400384/34567143 [02:07<00:55, 328177.69it/s]
 48%|████▊     | 16449536/34567143 [02:07<00:55, 327401.94it/s]
 48%|████▊     | 16490496/34567143 [02:08<01:49, 165612.96it/s]
 48%|████▊     | 16596992/34567143 [02:08<01:16, 236441.92it/s]
 48%|████▊     | 16662528/34567143 [02:09<01:23, 214456.46it/s]
 48%|████▊     | 16711680/34567143 [02:09<01:16, 232643.34it/s]
 48%|████▊     | 16744448/34567143 [02:09<01:30, 196672.30it/s]
 49%|████▊     | 16769024/34567143 [02:09<01:32, 192121.39it/s]
 49%|████▊     | 16793600/34567143 [02:09<01:59, 148342.67it/s]
 49%|████▊     | 16818176/34567143 [02:10<01:53, 156401.96it/s]
 49%|████▊     | 16842752/34567143 [02:10<02:53, 102014.68it/s]
 49%|████▉     | 16875520/34567143 [02:10<02:57, 99802.00it/s] 
 49%|████▉     | 16891904/34567143 [02:11<03:13, 91169.10it/s]
 49%|████▉     | 16908288/34567143 [02:11<03:07, 94214.41it/s]
 49%|████▉     | 16924672/34567143 [02:11<03:13, 91095.79it/s]
 49%|████▉     | 16941056/34567143 [02:11<03:18, 88785.22it/s]
 49%|████▉     | 16957440/34567143 [02:11<03:23, 86724.56it/s]
 49%|████▉     | 16973824/34567143 [02:12<03:15, 89776.34it/s]
 49%|████▉     | 16990208/34567143 [02:12<03:17, 89031.29it/s]
 49%|████▉     | 17006592/34567143 [02:12<03:22, 86927.90it/s]
 49%|████▉     | 17022976/34567143 [02:12<03:20, 87695.67it/s]
 49%|████▉     | 17039360/34567143 [02:12<04:05, 71451.22it/s]
 49%|████▉     | 17072128/34567143 [02:13<03:10, 91614.89it/s]
 49%|████▉     | 17088512/34567143 [02:13<03:20, 87387.24it/s]
 49%|████▉     | 17104896/34567143 [02:13<03:17, 88611.46it/s]
 50%|████▉     | 17121280/34567143 [02:13<03:13, 90244.19it/s]
 50%|████▉     | 17137664/34567143 [02:13<03:19, 87229.31it/s]
 50%|████▉     | 17154048/34567143 [02:14<02:58, 97595.11it/s]
 50%|████▉     | 17170432/34567143 [02:14<03:00, 96587.69it/s]
 50%|████▉     | 17186816/34567143 [02:14<03:02, 95042.91it/s]
 50%|████▉     | 17203200/34567143 [02:14<03:07, 92665.59it/s]
 50%|████▉     | 17219584/34567143 [02:14<02:51, 101177.67it/s]
 50%|████▉     | 17235968/34567143 [02:14<02:51, 101231.78it/s]
 50%|████▉     | 17252352/34567143 [02:15<02:58, 97134.53it/s] 
 50%|████▉     | 17268736/34567143 [02:15<02:53, 99814.62it/s]
 50%|█████     | 17285120/34567143 [02:15<02:42, 106491.82it/s]
 50%|█████     | 17301504/34567143 [02:15<02:44, 105092.92it/s]
 50%|█████     | 17317888/34567143 [02:15<02:44, 104920.20it/s]
 50%|█████     | 17334272/34567143 [02:15<02:44, 104586.09it/s]
 50%|█████     | 17350656/34567143 [02:15<02:26, 117209.77it/s]
 50%|█████     | 17367040/34567143 [02:16<02:32, 112730.30it/s]
 50%|█████     | 17383424/34567143 [02:16<03:18, 86554.50it/s] 
 50%|█████     | 17416192/34567143 [02:16<02:35, 110270.55it/s]
 50%|█████     | 17432576/34567143 [02:16<02:53, 98896.52it/s] 
 50%|█████     | 17448960/34567143 [02:16<02:48, 101299.45it/s]
 51%|█████     | 17465344/34567143 [02:17<02:54, 97758.28it/s] 
 51%|█████     | 17481728/34567143 [02:17<02:51, 99488.61it/s]
 51%|█████     | 17498112/34567143 [02:17<02:49, 100499.54it/s]
 51%|█████     | 17514496/34567143 [02:17<02:43, 104334.28it/s]
 51%|█████     | 17530880/34567143 [02:17<02:32, 111504.48it/s]
 51%|█████     | 17547264/34567143 [02:17<02:19, 122053.19it/s]
 51%|█████     | 17563648/34567143 [02:18<02:25, 116672.67it/s]
 51%|█████     | 17580032/34567143 [02:18<02:23, 118267.02it/s]
 51%|█████     | 17596416/34567143 [02:18<02:18, 122662.42it/s]
 51%|█████     | 17612800/34567143 [02:18<02:26, 115687.58it/s]
 51%|█████     | 17629184/34567143 [02:18<02:25, 116582.19it/s]
 51%|█████     | 17645568/34567143 [02:18<03:10, 88996.78it/s] 
 51%|█████     | 17678336/34567143 [02:19<02:33, 110005.56it/s]
 51%|█████     | 17694720/34567143 [02:19<02:50, 98944.97it/s] 
 51%|█████     | 17711104/34567143 [02:19<02:55, 96162.49it/s]
 51%|█████▏    | 17727488/34567143 [02:19<02:57, 94853.78it/s]
 51%|█████▏    | 17743872/34567143 [02:19<02:51, 98272.89it/s]
 51%|█████▏    | 17760256/34567143 [02:19<02:41, 103896.83it/s]
 51%|█████▏    | 17776640/34567143 [02:20<02:35, 107995.52it/s]
 51%|█████▏    | 17793024/34567143 [02:20<02:26, 114841.87it/s]
 52%|█████▏    | 17809408/34567143 [02:20<02:30, 111410.80it/s]
 52%|█████▏    | 17825792/34567143 [02:20<02:26, 114083.04it/s]
 52%|█████▏    | 17842176/34567143 [02:20<02:18, 121008.88it/s]
 52%|█████▏    | 17858560/34567143 [02:20<02:18, 120336.80it/s]
 52%|█████▏    | 17874944/34567143 [02:20<02:17, 121643.85it/s]
 52%|█████▏    | 17891328/34567143 [02:21<02:26, 114070.82it/s]
 52%|█████▏    | 17924096/34567143 [02:21<02:12, 125534.73it/s]
 52%|█████▏    | 17940480/34567143 [02:21<02:18, 119875.80it/s]
 52%|█████▏    | 17956864/34567143 [02:21<02:09, 128299.02it/s]
 52%|█████▏    | 17973248/34567143 [02:21<02:12, 125189.73it/s]
 52%|█████▏    | 17989632/34567143 [02:22<03:22, 82032.03it/s] 
 52%|█████▏    | 18038784/34567143 [02:22<02:14, 123234.75it/s]
 52%|█████▏    | 18055168/34567143 [02:22<02:19, 118543.10it/s]
 52%|█████▏    | 18071552/34567143 [02:22<02:26, 112720.25it/s]
 52%|█████▏    | 18087936/34567143 [02:22<02:20, 117352.50it/s]
 52%|█████▏    | 18104320/34567143 [02:23<03:12, 85449.10it/s] 
 52%|█████▏    | 18137088/34567143 [02:23<02:28, 110340.62it/s]
 53%|█████▎    | 18153472/34567143 [02:23<03:15, 84073.62it/s] 
 53%|█████▎    | 18169856/34567143 [02:23<03:15, 83783.80it/s]
 53%|█████▎    | 18186240/34567143 [02:24<03:39, 74700.36it/s]
 53%|█████▎    | 18202624/34567143 [02:24<03:45, 72628.13it/s]
 53%|█████▎    | 18219008/34567143 [02:24<03:50, 70933.31it/s]
 53%|█████▎    | 18235392/34567143 [02:24<04:14, 64114.60it/s]
 53%|█████▎    | 18251776/34567143 [02:25<04:02, 67257.90it/s]
 53%|█████▎    | 18268160/34567143 [02:25<03:53, 69862.17it/s]
 53%|█████▎    | 18284544/34567143 [02:25<03:43, 72931.43it/s]
 53%|█████▎    | 18300928/34567143 [02:25<03:39, 74053.48it/s]
 53%|█████▎    | 18317312/34567143 [02:25<03:34, 75609.67it/s]
 53%|█████▎    | 18333696/34567143 [02:26<03:22, 80025.57it/s]
 53%|█████▎    | 18350080/34567143 [02:26<04:24, 61310.81it/s]
 53%|█████▎    | 18382848/34567143 [02:26<03:06, 86988.00it/s]
 53%|█████▎    | 18399232/34567143 [02:26<03:10, 84762.41it/s]
 53%|█████▎    | 18415616/34567143 [02:27<03:19, 80762.64it/s]
 53%|█████▎    | 18432000/34567143 [02:27<03:14, 83095.88it/s]
 53%|█████▎    | 18448384/34567143 [02:27<04:10, 64259.29it/s]
 53%|█████▎    | 18481152/34567143 [02:27<03:02, 88172.08it/s]
 54%|█████▎    | 18497536/34567143 [02:28<03:13, 83046.87it/s]
 54%|█████▎    | 18513920/34567143 [02:28<03:14, 82397.81it/s]
 54%|█████▎    | 18530304/34567143 [02:28<03:07, 85481.74it/s]
 54%|█████▎    | 18546688/34567143 [02:28<03:08, 84921.32it/s]
 54%|█████▎    | 18563072/34567143 [02:28<02:50, 93654.59it/s]
 54%|█████▎    | 18579456/34567143 [02:29<02:51, 93477.51it/s]
 54%|█████▍    | 18595840/34567143 [02:29<02:56, 90262.78it/s]
 54%|█████▍    | 18612224/34567143 [02:29<02:45, 96243.25it/s]
 54%|█████▍    | 18628608/34567143 [02:29<02:45, 96028.17it/s]
 54%|█████▍    | 18644992/34567143 [02:29<02:36, 101997.13it/s]
 54%|█████▍    | 18661376/34567143 [02:29<02:39, 99727.22it/s] 
 54%|█████▍    | 18677760/34567143 [02:30<02:37, 101150.13it/s]
 54%|█████▍    | 18694144/34567143 [02:30<03:35, 73705.94it/s] 
 54%|█████▍    | 18726912/34567143 [02:30<02:51, 92470.55it/s]
 54%|█████▍    | 18743296/34567143 [02:30<02:57, 89356.48it/s]
 54%|█████▍    | 18759680/34567143 [02:30<02:48, 93863.40it/s]
 54%|█████▍    | 18776064/34567143 [02:31<02:47, 94236.22it/s]
 54%|█████▍    | 18792448/34567143 [02:31<02:46, 94506.40it/s]
 54%|█████▍    | 18808832/34567143 [02:31<02:38, 99590.68it/s]
 54%|█████▍    | 18825216/34567143 [02:31<02:32, 103312.14it/s]
 55%|█████▍    | 18841600/34567143 [02:31<02:36, 100436.77it/s]
 55%|█████▍    | 18857984/34567143 [02:31<02:22, 109895.52it/s]
 55%|█████▍    | 18874368/34567143 [02:32<02:22, 109985.15it/s]
 55%|█████▍    | 18890752/34567143 [02:32<02:21, 110911.15it/s]
 55%|█████▍    | 18907136/34567143 [02:32<02:29, 104776.38it/s]
 55%|█████▍    | 18923520/34567143 [02:32<03:24, 76571.41it/s] 
 55%|█████▍    | 18956288/34567143 [02:32<02:33, 101803.83it/s]
 55%|█████▍    | 18972672/34567143 [02:33<02:56, 88407.66it/s] 
 55%|█████▍    | 18989056/34567143 [02:33<02:59, 86743.50it/s]
 55%|█████▍    | 19005440/34567143 [02:33<02:46, 93403.15it/s]
 55%|█████▌    | 19021824/34567143 [02:33<02:41, 96147.70it/s]
 55%|█████▌    | 19038208/34567143 [02:33<02:31, 102166.57it/s]
 55%|█████▌    | 19054592/34567143 [02:33<02:35, 99983.91it/s] 
 55%|█████▌    | 19070976/34567143 [02:34<02:31, 102480.55it/s]
 55%|█████▌    | 19087360/34567143 [02:34<03:36, 71432.54it/s] 
 55%|█████▌    | 19120128/34567143 [02:34<03:23, 75831.63it/s]
 55%|█████▌    | 19152896/34567143 [02:35<03:14, 79239.64it/s]
 55%|█████▌    | 19169280/34567143 [02:35<03:55, 65486.89it/s]
 56%|█████▌    | 19185664/34567143 [02:36<04:01, 63808.46it/s]
 56%|█████▌    | 19202048/34567143 [02:36<04:16, 59820.49it/s]
 56%|█████▌    | 19218432/34567143 [02:36<05:22, 47534.24it/s]
 56%|█████▌    | 19234816/34567143 [02:37<05:22, 47561.12it/s]
 56%|█████▌    | 19251200/34567143 [02:37<05:40, 44968.48it/s]
 56%|█████▌    | 19267584/34567143 [02:38<06:05, 41807.66it/s]
 56%|█████▌    | 19283968/34567143 [02:38<06:10, 41194.79it/s]
 56%|█████▌    | 19300352/34567143 [02:38<05:52, 43355.71it/s]
 56%|█████▌    | 19316736/34567143 [02:39<05:50, 43476.51it/s]
 56%|█████▌    | 19333120/34567143 [02:39<06:32, 38784.09it/s]
 56%|█████▌    | 19349504/34567143 [02:40<05:57, 42522.95it/s]
 56%|█████▌    | 19365888/34567143 [02:40<05:40, 44657.85it/s]
 56%|█████▌    | 19382272/34567143 [02:40<05:13, 48373.60it/s]
 56%|█████▌    | 19398656/34567143 [02:40<05:15, 48005.34it/s]
 56%|█████▌    | 19415040/34567143 [02:41<04:57, 50985.60it/s]
 56%|█████▌    | 19431424/34567143 [02:41<04:46, 52806.62it/s]
 56%|█████▋    | 19447808/34567143 [02:41<04:22, 57687.05it/s]
 56%|█████▋    | 19464192/34567143 [02:42<04:45, 52912.35it/s]
 56%|█████▋    | 19480576/34567143 [02:42<04:33, 55206.96it/s]
 56%|█████▋    | 19496960/34567143 [02:42<04:26, 56455.26it/s]
 56%|█████▋    | 19513344/34567143 [02:42<04:14, 59051.86it/s]
 56%|█████▋    | 19529728/34567143 [02:43<04:00, 62456.97it/s]
 57%|█████▋    | 19546112/34567143 [02:43<03:55, 63683.04it/s]
 57%|█████▋    | 19562496/34567143 [02:43<03:38, 68779.69it/s]
 57%|█████▋    | 19578880/34567143 [02:43<03:31, 70895.98it/s]
 57%|█████▋    | 19595264/34567143 [02:44<04:37, 54030.89it/s]
 57%|█████▋    | 19628032/34567143 [02:44<04:41, 53151.50it/s]
 57%|█████▋    | 19644416/34567143 [02:45<04:29, 55305.07it/s]
 57%|█████▋    | 19660800/34567143 [02:45<04:33, 54433.12it/s]
 57%|█████▋    | 19677184/34567143 [02:45<04:46, 51896.16it/s]
 57%|█████▋    | 19693568/34567143 [02:46<04:32, 54589.02it/s]
 57%|█████▋    | 19709952/34567143 [02:46<04:38, 53333.33it/s]
 57%|█████▋    | 19726336/34567143 [02:46<04:28, 55360.71it/s]
 57%|█████▋    | 19742720/34567143 [02:47<05:20, 46250.52it/s]
 57%|█████▋    | 19775488/34567143 [02:47<04:28, 54992.15it/s]
 57%|█████▋    | 19791872/34567143 [02:47<04:18, 57264.65it/s]
 57%|█████▋    | 19808256/34567143 [02:48<03:57, 62036.16it/s]
 57%|█████▋    | 19824640/34567143 [02:48<04:00, 61296.52it/s]
 57%|█████▋    | 19841024/34567143 [02:48<04:04, 60326.84it/s]
 57%|█████▋    | 19857408/34567143 [02:48<04:13, 57988.84it/s]
 57%|█████▋    | 19873792/34567143 [02:49<04:49, 50686.38it/s]
 58%|█████▊    | 19890176/34567143 [02:49<04:34, 53373.70it/s]
 58%|█████▊    | 19906560/34567143 [02:50<05:01, 48589.36it/s]
 58%|█████▊    | 19922944/34567143 [02:50<05:02, 48458.57it/s]
 58%|█████▊    | 19939328/34567143 [02:50<05:56, 41020.96it/s]
 58%|█████▊    | 19955712/34567143 [02:51<05:38, 43187.83it/s]
 58%|█████▊    | 19972096/34567143 [02:51<05:39, 42938.16it/s]
 58%|█████▊    | 19988480/34567143 [02:52<05:41, 42629.67it/s]
 58%|█████▊    | 20004864/34567143 [02:52<05:22, 45136.34it/s]
 58%|█████▊    | 20021248/34567143 [02:52<06:04, 39865.69it/s]
 58%|█████▊    | 20037632/34567143 [02:53<07:35, 31906.49it/s]
 58%|█████▊    | 20054016/34567143 [02:54<07:34, 31941.94it/s]
 58%|█████▊    | 20070400/34567143 [02:54<07:36, 31737.14it/s]
 58%|█████▊    | 20086784/34567143 [02:55<07:09, 33734.06it/s]
 58%|█████▊    | 20103168/34567143 [02:55<06:42, 35921.67it/s]
 58%|█████▊    | 20119552/34567143 [02:55<05:58, 40301.36it/s]
 58%|█████▊    | 20135936/34567143 [02:56<05:32, 43365.13it/s]
 58%|█████▊    | 20152320/34567143 [02:56<05:06, 47088.79it/s]
 58%|█████▊    | 20168704/34567143 [02:56<04:35, 52327.79it/s]
 58%|█████▊    | 20185088/34567143 [02:56<04:25, 54259.15it/s]
 58%|█████▊    | 20201472/34567143 [02:57<04:29, 53296.66it/s]
 58%|█████▊    | 20217856/34567143 [02:57<03:49, 62438.48it/s]
 59%|█████▊    | 20234240/34567143 [02:57<03:56, 60677.11it/s]
 59%|█████▊    | 20250624/34567143 [02:57<04:00, 59623.07it/s]
 59%|█████▊    | 20267008/34567143 [02:58<03:45, 63424.63it/s]
 59%|█████▊    | 20283392/34567143 [02:58<03:27, 68769.75it/s]
 59%|█████▊    | 20299776/34567143 [02:58<03:15, 72935.39it/s]
 59%|█████▉    | 20316160/34567143 [02:58<04:14, 55914.03it/s]
 59%|█████▉    | 20332544/34567143 [02:59<04:19, 54838.20it/s]
 59%|█████▉    | 20348928/34567143 [02:59<04:19, 54776.14it/s]
 59%|█████▉    | 20365312/34567143 [03:00<05:10, 45776.83it/s]
 59%|█████▉    | 20381696/34567143 [03:00<05:36, 42137.00it/s]
 59%|█████▉    | 20398080/34567143 [03:00<05:41, 41509.64it/s]
 59%|█████▉    | 20414464/34567143 [03:01<05:18, 44495.75it/s]
 59%|█████▉    | 20430848/34567143 [03:01<04:59, 47177.92it/s]
 59%|█████▉    | 20447232/34567143 [03:01<04:43, 49816.11it/s]
 59%|█████▉    | 20463616/34567143 [03:02<04:17, 54843.27it/s]
 59%|█████▉    | 20480000/34567143 [03:02<04:01, 58384.85it/s]
 59%|█████▉    | 20496384/34567143 [03:02<03:50, 61143.51it/s]
 59%|█████▉    | 20512768/34567143 [03:02<03:33, 65884.18it/s]
 59%|█████▉    | 20529152/34567143 [03:02<03:11, 73407.03it/s]
 59%|█████▉    | 20545536/34567143 [03:03<03:05, 75667.25it/s]
 59%|█████▉    | 20561920/34567143 [03:03<03:03, 76474.00it/s]
 60%|█████▉    | 20578304/34567143 [03:03<02:54, 80012.47it/s]
 60%|█████▉    | 20594688/34567143 [03:03<02:46, 83762.24it/s]
 60%|█████▉    | 20611072/34567143 [03:03<02:36, 89346.33it/s]
 60%|█████▉    | 20627456/34567143 [03:03<02:23, 97247.72it/s]
 60%|█████▉    | 20643840/34567143 [03:04<03:12, 72399.66it/s]
 60%|█████▉    | 20692992/34567143 [03:04<01:54, 120845.92it/s]
 60%|█████▉    | 20709376/34567143 [03:04<01:57, 117612.77it/s]
 60%|█████▉    | 20725760/34567143 [03:04<02:05, 110462.72it/s]
 60%|██████    | 20742144/34567143 [03:04<01:59, 115926.79it/s]
 60%|██████    | 20758528/34567143 [03:05<01:56, 118629.32it/s]
 60%|██████    | 20774912/34567143 [03:05<01:50, 125303.95it/s]
 60%|██████    | 20791296/34567143 [03:05<01:44, 131630.88it/s]
 60%|██████    | 20807680/34567143 [03:05<01:50, 124293.38it/s]
 60%|██████    | 20840448/34567143 [03:05<01:40, 135986.20it/s]
 60%|██████    | 20873216/34567143 [03:05<01:36, 142636.60it/s]
 60%|██████    | 20905984/34567143 [03:06<02:03, 110233.90it/s]
 61%|██████    | 20922368/34567143 [03:06<02:07, 107215.89it/s]
 61%|██████    | 20955136/34567143 [03:06<01:41, 134758.86it/s]
 61%|██████    | 20971520/34567143 [03:06<02:15, 100615.74it/s]
 61%|██████    | 21004288/34567143 [03:07<01:57, 115602.30it/s]
 61%|██████    | 21020672/34567143 [03:07<02:11, 103133.33it/s]
 61%|██████    | 21037056/34567143 [03:07<02:15, 99819.49it/s] 
 61%|██████    | 21053440/34567143 [03:07<02:28, 91216.32it/s]
 61%|██████    | 21069824/34567143 [03:07<02:32, 88629.51it/s]
 61%|██████    | 21086208/34567143 [03:08<02:28, 90970.94it/s]
 61%|██████    | 21102592/34567143 [03:08<02:24, 93101.86it/s]
 61%|██████    | 21118976/34567143 [03:08<02:14, 99800.38it/s]
 61%|██████    | 21135360/34567143 [03:08<02:16, 98597.16it/s]
 61%|██████    | 21151744/34567143 [03:08<02:09, 103621.81it/s]
 61%|██████    | 21168128/34567143 [03:09<02:38, 84525.38it/s] 
 61%|██████▏   | 21200896/34567143 [03:09<02:21, 94208.66it/s]
 61%|██████▏   | 21217280/34567143 [03:09<03:18, 67113.28it/s]
 61%|██████▏   | 21233664/34567143 [03:10<03:31, 63030.96it/s]
 62%|██████▏   | 21266432/34567143 [03:10<02:39, 83141.93it/s]
 62%|██████▏   | 21282816/34567143 [03:10<03:40, 60323.83it/s]
 62%|██████▏   | 21299200/34567143 [03:11<03:56, 56016.37it/s]
 62%|██████▏   | 21315584/34567143 [03:11<03:30, 62858.00it/s]
 62%|██████▏   | 21331968/34567143 [03:12<05:05, 43291.57it/s]
 62%|██████▏   | 21348352/34567143 [03:12<05:23, 40847.00it/s]
 62%|██████▏   | 21364736/34567143 [03:12<05:27, 40265.60it/s]
 62%|██████▏   | 21381120/34567143 [03:13<05:48, 37866.04it/s]
 62%|██████▏   | 21397504/34567143 [03:13<05:19, 41278.42it/s]
 62%|██████▏   | 21413888/34567143 [03:14<05:06, 42963.93it/s]
 62%|██████▏   | 21430272/34567143 [03:14<04:53, 44773.81it/s]
 62%|██████▏   | 21446656/34567143 [03:14<04:31, 48324.03it/s]
 62%|██████▏   | 21463040/34567143 [03:14<04:15, 51267.20it/s]
 62%|██████▏   | 21479424/34567143 [03:15<03:47, 57632.80it/s]
 62%|██████▏   | 21495808/34567143 [03:15<03:41, 58986.66it/s]
 62%|██████▏   | 21512192/34567143 [03:15<03:21, 64888.69it/s]
 62%|██████▏   | 21528576/34567143 [03:15<03:05, 70157.96it/s]
 62%|██████▏   | 21544960/34567143 [03:16<02:55, 74331.37it/s]
 62%|██████▏   | 21561344/34567143 [03:16<02:44, 79056.64it/s]
 62%|██████▏   | 21577728/34567143 [03:16<02:33, 84688.69it/s]
 62%|██████▏   | 21594112/34567143 [03:16<02:28, 87248.14it/s]
 63%|██████▎   | 21610496/34567143 [03:16<02:21, 91881.97it/s]
 63%|██████▎   | 21626880/34567143 [03:16<02:39, 81341.54it/s]
 63%|██████▎   | 21659648/34567143 [03:17<02:16, 94637.83it/s]
 63%|██████▎   | 21676032/34567143 [03:17<02:19, 92154.50it/s]
 63%|██████▎   | 21692416/34567143 [03:17<02:15, 94875.92it/s]
 63%|██████▎   | 21708800/34567143 [03:17<03:07, 68743.57it/s]
 63%|██████▎   | 21741568/34567143 [03:18<02:14, 95550.49it/s]
 63%|██████▎   | 21757952/34567143 [03:18<02:33, 83455.11it/s]
 63%|██████▎   | 21774336/34567143 [03:18<02:28, 86011.92it/s]
 63%|██████▎   | 21790720/34567143 [03:18<02:41, 78909.93it/s]
 63%|██████▎   | 21807104/34567143 [03:19<02:53, 73501.46it/s]
 63%|██████▎   | 21823488/34567143 [03:19<03:00, 70622.56it/s]
 63%|██████▎   | 21839872/34567143 [03:19<02:50, 74490.81it/s]
 63%|██████▎   | 21856256/34567143 [03:19<02:55, 72295.55it/s]
 63%|██████▎   | 21872640/34567143 [03:20<02:52, 73689.84it/s]
 63%|██████▎   | 21889024/34567143 [03:20<02:47, 75613.83it/s]
 63%|██████▎   | 21905408/34567143 [03:20<02:41, 78188.15it/s]
 63%|██████▎   | 21921792/34567143 [03:20<02:30, 84001.41it/s]
 63%|██████▎   | 21938176/34567143 [03:20<02:28, 85080.57it/s]
 64%|██████▎   | 21954560/34567143 [03:21<03:07, 67170.69it/s]
 64%|██████▎   | 21970944/34567143 [03:21<02:43, 76959.60it/s]
 64%|██████▎   | 21987328/34567143 [03:21<02:53, 72544.69it/s]
 64%|██████▎   | 22003712/34567143 [03:21<03:13, 65008.70it/s]
 64%|██████▎   | 22020096/34567143 [03:22<03:46, 55408.45it/s]
 64%|██████▎   | 22036480/34567143 [03:22<04:27, 46864.19it/s]
 64%|██████▍   | 22052864/34567143 [03:23<04:40, 44596.38it/s]
 64%|██████▍   | 22069248/34567143 [03:23<04:29, 46376.01it/s]
 64%|██████▍   | 22085632/34567143 [03:23<04:26, 46891.10it/s]
 64%|██████▍   | 22102016/34567143 [03:24<04:31, 45828.57it/s]
 64%|██████▍   | 22118400/34567143 [03:24<05:01, 41276.07it/s]
 64%|██████▍   | 22134784/34567143 [03:24<04:03, 50975.28it/s]
 64%|██████▍   | 22151168/34567143 [03:25<04:13, 49054.34it/s]
 64%|██████▍   | 22167552/34567143 [03:25<03:56, 52344.08it/s]
 64%|██████▍   | 22183936/34567143 [03:25<03:56, 52428.59it/s]
 64%|██████▍   | 22200320/34567143 [03:25<03:36, 57109.64it/s]
 64%|██████▍   | 22216704/34567143 [03:26<03:24, 60406.87it/s]
 64%|██████▍   | 22233088/34567143 [03:26<03:19, 61810.38it/s]
 64%|██████▍   | 22249472/34567143 [03:26<03:13, 63561.34it/s]
 64%|██████▍   | 22265856/34567143 [03:26<02:59, 68544.34it/s]
 64%|██████▍   | 22282240/34567143 [03:27<03:25, 59756.25it/s]
 65%|██████▍   | 22298624/34567143 [03:27<03:24, 60103.72it/s]
 65%|██████▍   | 22315008/34567143 [03:27<03:15, 62552.21it/s]
 65%|██████▍   | 22331392/34567143 [03:27<03:11, 63947.72it/s]
 65%|██████▍   | 22347776/34567143 [03:28<03:02, 66948.00it/s]
 65%|██████▍   | 22364160/34567143 [03:28<02:57, 68897.45it/s]
 65%|██████▍   | 22380544/34567143 [03:28<02:55, 69580.02it/s]
 65%|██████▍   | 22396928/34567143 [03:28<02:46, 73253.97it/s]
 65%|██████▍   | 22413312/34567143 [03:29<02:42, 74927.59it/s]
 65%|██████▍   | 22429696/34567143 [03:29<02:46, 72680.14it/s]
 65%|██████▍   | 22446080/34567143 [03:29<02:35, 78024.42it/s]
 65%|██████▍   | 22462464/34567143 [03:29<02:29, 81067.98it/s]
 65%|██████▌   | 22478848/34567143 [03:29<02:27, 82131.99it/s]
 65%|██████▌   | 22495232/34567143 [03:30<03:09, 63567.22it/s]
 65%|██████▌   | 22528000/34567143 [03:30<02:15, 88596.73it/s]
 65%|██████▌   | 22544384/34567143 [03:30<02:34, 77872.26it/s]
 65%|██████▌   | 22560768/34567143 [03:30<02:33, 78457.96it/s]
 65%|██████▌   | 22577152/34567143 [03:31<02:30, 79499.66it/s]
 65%|██████▌   | 22593536/34567143 [03:31<02:22, 84024.88it/s]
 65%|██████▌   | 22609920/34567143 [03:31<02:14, 89226.78it/s]
 65%|██████▌   | 22626304/34567143 [03:31<02:14, 88604.52it/s]
 66%|██████▌   | 22642688/34567143 [03:31<02:12, 89809.19it/s]
 66%|██████▌   | 22659072/34567143 [03:31<02:12, 89835.57it/s]
 66%|██████▌   | 22675456/34567143 [03:32<02:07, 92998.89it/s]
 66%|██████▌   | 22691840/34567143 [03:32<02:11, 90300.77it/s]
 66%|██████▌   | 22708224/34567143 [03:32<02:04, 94902.32it/s]
 66%|██████▌   | 22724608/34567143 [03:32<02:11, 90187.86it/s]
 66%|██████▌   | 22740992/34567143 [03:32<02:02, 96275.83it/s]
 66%|██████▌   | 22757376/34567143 [03:33<02:11, 89927.60it/s]
 66%|██████▌   | 22773760/34567143 [03:33<01:59, 98709.13it/s]
 66%|██████▌   | 22790144/34567143 [03:33<01:55, 102375.77it/s]
 66%|██████▌   | 22806528/34567143 [03:33<02:28, 78980.35it/s] 
 66%|██████▌   | 22839296/34567143 [03:33<02:02, 96094.49it/s]
 66%|██████▌   | 22855680/34567143 [03:34<02:02, 95578.10it/s]
 66%|██████▌   | 22872064/34567143 [03:34<02:05, 93195.98it/s]
 66%|██████▌   | 22888448/34567143 [03:34<01:54, 102178.02it/s]
 66%|██████▋   | 22904832/34567143 [03:34<01:51, 104435.41it/s]
 66%|██████▋   | 22921216/34567143 [03:34<01:51, 104122.31it/s]
 66%|██████▋   | 22937600/34567143 [03:34<01:53, 102485.81it/s]
 66%|██████▋   | 22953984/34567143 [03:34<01:41, 114847.78it/s]
 66%|██████▋   | 22970368/34567143 [03:35<01:47, 107580.78it/s]
 66%|██████▋   | 22986752/34567143 [03:35<01:46, 109113.39it/s]
 67%|██████▋   | 23003136/34567143 [03:35<01:43, 111286.44it/s]
 67%|██████▋   | 23019520/34567143 [03:35<01:40, 114883.47it/s]
 67%|██████▋   | 23035904/34567143 [03:35<01:41, 114134.98it/s]
 67%|██████▋   | 23052288/34567143 [03:35<01:40, 114619.90it/s]
 67%|██████▋   | 23068672/34567143 [03:36<02:20, 81660.74it/s] 
 67%|██████▋   | 23101440/34567143 [03:36<01:46, 108018.94it/s]
 67%|██████▋   | 23117824/34567143 [03:36<01:46, 107279.27it/s]
 67%|██████▋   | 23134208/34567143 [03:36<01:50, 103756.72it/s]
 67%|██████▋   | 23150592/34567143 [03:36<01:55, 98486.81it/s] 
 67%|██████▋   | 23166976/34567143 [03:37<01:54, 99649.53it/s]
 67%|██████▋   | 23183360/34567143 [03:37<01:56, 98044.57it/s]
 67%|██████▋   | 23199744/34567143 [03:37<01:43, 110174.20it/s]
 67%|██████▋   | 23216128/34567143 [03:37<01:47, 105578.96it/s]
 67%|██████▋   | 23232512/34567143 [03:37<01:43, 109125.73it/s]
 67%|██████▋   | 23248896/34567143 [03:37<01:42, 110837.44it/s]
 67%|██████▋   | 23265280/34567143 [03:37<01:39, 113711.47it/s]
 67%|██████▋   | 23281664/34567143 [03:38<01:39, 113443.76it/s]
 67%|██████▋   | 23298048/34567143 [03:38<01:43, 108790.59it/s]
 67%|██████▋   | 23314432/34567143 [03:38<02:28, 75747.50it/s] 
 68%|██████▊   | 23347200/34567143 [03:38<01:45, 106650.50it/s]
 68%|██████▊   | 23363584/34567143 [03:38<01:47, 103816.13it/s]
 68%|██████▊   | 23379968/34567143 [03:39<01:51, 100303.40it/s]
 68%|██████▊   | 23396352/34567143 [03:39<01:55, 96704.57it/s] 
 68%|██████▊   | 23412736/34567143 [03:39<01:51, 100311.39it/s]
 68%|██████▊   | 23429120/34567143 [03:39<01:53, 98476.51it/s] 
 68%|██████▊   | 23445504/34567143 [03:39<01:46, 104206.26it/s]
 68%|██████▊   | 23461888/34567143 [03:39<01:46, 104400.35it/s]
 68%|██████▊   | 23478272/34567143 [03:40<01:42, 108557.37it/s]
 68%|██████▊   | 23494656/34567143 [03:40<01:37, 113934.42it/s]
 68%|██████▊   | 23511040/34567143 [03:40<01:39, 110596.93it/s]
 68%|██████▊   | 23527424/34567143 [03:40<01:35, 115192.18it/s]
 68%|██████▊   | 23543808/34567143 [03:40<01:36, 114434.28it/s]
 68%|██████▊   | 23560192/34567143 [03:40<02:16, 80713.74it/s] 
 68%|██████▊   | 23592960/34567143 [03:41<01:41, 107912.89it/s]
 68%|██████▊   | 23609344/34567143 [03:41<01:47, 101525.77it/s]
 68%|██████▊   | 23625728/34567143 [03:41<01:45, 103613.04it/s]
 68%|██████▊   | 23642112/34567143 [03:41<01:48, 100845.25it/s]
 68%|██████▊   | 23658496/34567143 [03:42<02:36, 69778.53it/s] 
 69%|██████▊   | 23691264/34567143 [03:42<01:45, 103195.99it/s]
 69%|██████▊   | 23707648/34567143 [03:42<01:56, 92953.73it/s] 
 69%|██████▊   | 23724032/34567143 [03:42<01:59, 91012.52it/s]
 69%|██████▊   | 23740416/34567143 [03:42<01:54, 94170.97it/s]
 69%|██████▊   | 23756800/34567143 [03:42<01:54, 94401.89it/s]
 69%|██████▉   | 23773184/34567143 [03:43<01:51, 96472.13it/s]
 69%|██████▉   | 23789568/34567143 [03:43<02:40, 67099.91it/s]
 69%|██████▉   | 23838720/34567143 [03:43<01:42, 104776.64it/s]
 69%|██████▉   | 23855104/34567143 [03:44<02:18, 77075.76it/s] 
 69%|██████▉   | 23887872/34567143 [03:44<02:14, 79689.83it/s]
 69%|██████▉   | 23904256/34567143 [03:44<02:10, 81523.65it/s]
 69%|██████▉   | 23920640/34567143 [03:45<02:37, 67628.07it/s]
 69%|██████▉   | 23937024/34567143 [03:45<02:53, 61414.19it/s]
 69%|██████▉   | 23953408/34567143 [03:45<02:55, 60476.72it/s]
 69%|██████▉   | 23969792/34567143 [03:46<02:58, 59428.89it/s]
 69%|██████▉   | 23986176/34567143 [03:46<02:53, 61129.09it/s]
 69%|██████▉   | 24002560/34567143 [03:46<02:54, 60711.64it/s]
 69%|██████▉   | 24018944/34567143 [03:46<02:46, 63273.84it/s]
 70%|██████▉   | 24035328/34567143 [03:47<02:35, 67570.73it/s]
 70%|██████▉   | 24051712/34567143 [03:47<02:31, 69195.81it/s]
 70%|██████▉   | 24068096/34567143 [03:47<02:27, 71411.51it/s]
 70%|██████▉   | 24084480/34567143 [03:47<02:19, 75390.12it/s]
 70%|██████▉   | 24100864/34567143 [03:47<02:07, 81824.42it/s]
 70%|██████▉   | 24117248/34567143 [03:47<01:58, 88492.71it/s]
 70%|██████▉   | 24133632/34567143 [03:48<01:57, 88810.09it/s]
 70%|██████▉   | 24150016/34567143 [03:48<01:54, 91273.60it/s]
 70%|██████▉   | 24166400/34567143 [03:48<01:46, 97986.45it/s]
 70%|██████▉   | 24182784/34567143 [03:48<01:46, 97063.62it/s]
 70%|███████   | 24199168/34567143 [03:48<01:37, 106409.97it/s]
 70%|███████   | 24215552/34567143 [03:48<01:36, 107743.96it/s]
 70%|███████   | 24231936/34567143 [03:49<01:32, 111335.49it/s]
 70%|███████   | 24248320/34567143 [03:49<01:30, 114135.86it/s]
 70%|███████   | 24264704/34567143 [03:49<01:30, 113407.09it/s]
 70%|███████   | 24297472/34567143 [03:49<01:18, 130191.15it/s]
 70%|███████   | 24313856/34567143 [03:49<01:25, 119282.05it/s]
 70%|███████   | 24346624/34567143 [03:49<01:17, 132449.38it/s]
 70%|███████   | 24363008/34567143 [03:50<01:23, 122444.94it/s]
 71%|███████   | 24395776/34567143 [03:50<01:02, 161892.64it/s]
 71%|███████   | 24420352/34567143 [03:50<00:58, 173866.17it/s]
 71%|███████   | 24444928/34567143 [03:50<01:02, 162605.90it/s]
 71%|███████   | 24477696/34567143 [03:50<00:52, 190508.10it/s]
 71%|███████   | 24510464/34567143 [03:50<01:17, 129633.42it/s]
 71%|███████   | 24592384/34567143 [03:51<00:43, 229904.38it/s]
 71%|███████   | 24625152/34567143 [03:51<00:47, 207438.63it/s]
 71%|███████▏  | 24657920/34567143 [03:51<00:48, 202706.41it/s]
 71%|███████▏  | 24690688/34567143 [03:51<01:08, 144216.44it/s]
 72%|███████▏  | 24723456/34567143 [03:52<01:03, 156022.24it/s]
 72%|███████▏  | 24748032/34567143 [03:52<00:57, 170031.29it/s]
 72%|███████▏  | 24788992/34567143 [03:52<00:46, 211318.41it/s]
 72%|███████▏  | 24821760/34567143 [03:52<00:52, 187011.98it/s]
 72%|███████▏  | 24846336/34567143 [03:52<00:52, 185766.30it/s]
 72%|███████▏  | 24870912/34567143 [03:53<01:27, 111082.65it/s]
 72%|███████▏  | 24903680/34567143 [03:53<01:28, 108625.39it/s]
 72%|███████▏  | 24952832/34567143 [03:53<01:01, 155362.21it/s]
 72%|███████▏  | 24977408/34567143 [03:53<01:08, 140274.53it/s]
 72%|███████▏  | 25001984/34567143 [03:54<01:49, 87291.30it/s] 
 72%|███████▏  | 25034752/34567143 [03:54<01:53, 84265.36it/s]
 72%|███████▏  | 25051136/34567143 [03:54<01:49, 86761.23it/s]
 73%|███████▎  | 25067520/34567143 [03:55<02:06, 75324.20it/s]
 73%|███████▎  | 25083904/34567143 [03:55<02:19, 67939.04it/s]
 73%|███████▎  | 25100288/34567143 [03:56<02:53, 54426.21it/s]
 73%|███████▎  | 25116672/34567143 [03:56<02:34, 61161.02it/s]
 73%|███████▎  | 25133056/34567143 [03:56<02:50, 55405.88it/s]
 73%|███████▎  | 25149440/34567143 [03:56<02:51, 54791.50it/s]
 73%|███████▎  | 25165824/34567143 [03:57<02:51, 54934.26it/s]
 73%|███████▎  | 25182208/34567143 [03:57<02:46, 56240.68it/s]
 73%|███████▎  | 25198592/34567143 [03:57<02:36, 59944.30it/s]
 73%|███████▎  | 25214976/34567143 [03:58<02:38, 59001.84it/s]
 73%|███████▎  | 25231360/34567143 [03:58<02:36, 59744.15it/s]
 73%|███████▎  | 25247744/34567143 [03:58<02:23, 65152.07it/s]
 73%|███████▎  | 25264128/34567143 [03:58<02:12, 70272.92it/s]
 73%|███████▎  | 25280512/34567143 [03:58<02:04, 74479.09it/s]
 73%|███████▎  | 25296896/34567143 [03:59<02:01, 76063.54it/s]
 73%|███████▎  | 25313280/34567143 [03:59<01:55, 80289.09it/s]
 73%|███████▎  | 25329664/34567143 [03:59<01:44, 88215.47it/s]
 73%|███████▎  | 25346048/34567143 [03:59<01:46, 86456.00it/s]
 73%|███████▎  | 25362432/34567143 [03:59<01:42, 90209.71it/s]
 73%|███████▎  | 25378816/34567143 [03:59<01:38, 92970.85it/s]
 73%|███████▎  | 25395200/34567143 [04:00<01:31, 100169.78it/s]
 74%|███████▎  | 25411584/34567143 [04:00<01:30, 100622.45it/s]
 74%|███████▎  | 25427968/34567143 [04:00<01:29, 101662.62it/s]
 74%|███████▎  | 25444352/34567143 [04:00<01:29, 101887.61it/s]
 74%|███████▎  | 25460736/34567143 [04:00<01:23, 108981.15it/s]
 74%|███████▎  | 25477120/34567143 [04:00<01:23, 108371.55it/s]
 74%|███████▍  | 25493504/34567143 [04:01<01:26, 105282.53it/s]
 74%|███████▍  | 25526272/34567143 [04:01<01:15, 120023.20it/s]
 74%|███████▍  | 25542656/34567143 [04:01<01:11, 126851.76it/s]
 74%|███████▍  | 25559040/34567143 [04:01<01:10, 127449.83it/s]
 74%|███████▍  | 25591808/34567143 [04:01<01:07, 133136.63it/s]
 74%|███████▍  | 25624576/34567143 [04:01<01:02, 143722.23it/s]
 74%|███████▍  | 25657344/34567143 [04:02<00:54, 163767.12it/s]
 74%|███████▍  | 25681920/34567143 [04:02<01:42, 86920.08it/s] 
 75%|███████▍  | 25772032/34567143 [04:02<00:53, 163423.34it/s]
 75%|███████▍  | 25837568/34567143 [04:03<00:46, 189704.39it/s]
 75%|███████▍  | 25862144/34567143 [04:03<01:00, 142959.34it/s]
 75%|███████▍  | 25903104/34567143 [04:03<00:57, 151167.12it/s]
 75%|███████▌  | 25927680/34567143 [04:03<00:57, 149728.85it/s]
 75%|███████▌  | 25952256/34567143 [04:04<01:08, 125567.18it/s]
 75%|███████▌  | 25968640/34567143 [04:04<01:30, 94643.94it/s] 
 75%|███████▌  | 26001408/34567143 [04:04<01:18, 109596.71it/s]
 75%|███████▌  | 26017792/34567143 [04:05<01:26, 98360.41it/s] 
 75%|███████▌  | 26034176/34567143 [04:05<01:27, 97608.72it/s]
 75%|███████▌  | 26050560/34567143 [04:05<01:28, 96192.39it/s]
 75%|███████▌  | 26066944/34567143 [04:05<01:45, 80354.26it/s]
 75%|███████▌  | 26083328/34567143 [04:05<01:36, 88237.54it/s]
 76%|███████▌  | 26099712/34567143 [04:06<01:38, 86086.99it/s]
 76%|███████▌  | 26116096/34567143 [04:06<01:35, 88385.86it/s]
 76%|███████▌  | 26132480/34567143 [04:06<01:30, 92762.18it/s]
 76%|███████▌  | 26148864/34567143 [04:06<01:31, 92112.62it/s]
 76%|███████▌  | 26165248/34567143 [04:06<01:29, 93396.14it/s]
 76%|███████▌  | 26181632/34567143 [04:06<01:25, 98091.34it/s]
 76%|███████▌  | 26198016/34567143 [04:07<01:21, 103055.23it/s]
 76%|███████▌  | 26214400/34567143 [04:07<01:23, 99696.60it/s] 
 76%|███████▌  | 26230784/34567143 [04:07<01:17, 107197.73it/s]
 76%|███████▌  | 26247168/34567143 [04:07<01:16, 108691.96it/s]
 76%|███████▌  | 26263552/34567143 [04:07<01:18, 105578.44it/s]
 76%|███████▌  | 26279936/34567143 [04:07<01:16, 107963.46it/s]
 76%|███████▌  | 26296320/34567143 [04:07<01:13, 112837.70it/s]
 76%|███████▌  | 26312704/34567143 [04:08<01:11, 115431.53it/s]
 76%|███████▌  | 26329088/34567143 [04:08<01:13, 111473.03it/s]
 76%|███████▌  | 26345472/34567143 [04:08<01:15, 108351.61it/s]
 76%|███████▋  | 26361856/34567143 [04:08<01:09, 117801.08it/s]
 76%|███████▋  | 26378240/34567143 [04:08<01:11, 115132.46it/s]
 76%|███████▋  | 26394624/34567143 [04:08<01:11, 114599.70it/s]
 76%|███████▋  | 26427392/34567143 [04:08<01:05, 125062.75it/s]
 76%|███████▋  | 26443776/34567143 [04:09<01:02, 130786.58it/s]
 77%|███████▋  | 26460160/34567143 [04:09<01:01, 132184.64it/s]
 77%|███████▋  | 26476544/34567143 [04:09<01:00, 134644.92it/s]
 77%|███████▋  | 26492928/34567143 [04:09<00:57, 140992.91it/s]
 77%|███████▋  | 26509312/34567143 [04:09<01:00, 133762.99it/s]
 77%|███████▋  | 26542080/34567143 [04:09<00:56, 142337.79it/s]
 77%|███████▋  | 26558464/34567143 [04:10<01:20, 99864.54it/s] 
 77%|███████▋  | 26607616/34567143 [04:10<00:57, 139309.26it/s]
 77%|███████▋  | 26624000/34567143 [04:10<01:01, 129746.78it/s]
 77%|███████▋  | 26640384/34567143 [04:10<01:02, 126346.81it/s]
 77%|███████▋  | 26656768/34567143 [04:10<01:01, 128610.76it/s]
 77%|███████▋  | 26673152/34567143 [04:10<01:03, 125102.72it/s]
 77%|███████▋  | 26689536/34567143 [04:11<01:07, 117071.50it/s]
 77%|███████▋  | 26722304/34567143 [04:11<00:59, 131306.98it/s]
 77%|███████▋  | 26755072/34567143 [04:11<00:58, 134026.12it/s]
 77%|███████▋  | 26787840/34567143 [04:11<00:56, 137855.28it/s]
 78%|███████▊  | 26804224/34567143 [04:11<00:58, 133044.43it/s]
 78%|███████▊  | 26836992/34567143 [04:12<00:57, 135062.12it/s]
 78%|███████▊  | 26869760/34567143 [04:12<00:54, 142177.97it/s]
 78%|███████▊  | 26886144/34567143 [04:12<00:53, 143310.54it/s]
 78%|███████▊  | 26918912/34567143 [04:12<00:52, 144960.50it/s]
 78%|███████▊  | 26935296/34567143 [04:12<00:51, 148133.21it/s]
 78%|███████▊  | 26951680/34567143 [04:13<01:11, 106023.42it/s]
 78%|███████▊  | 27000832/34567143 [04:13<00:56, 134146.80it/s]
 78%|███████▊  | 27017216/34567143 [04:13<00:56, 132721.89it/s]
 78%|███████▊  | 27033600/34567143 [04:13<00:57, 131421.73it/s]
 78%|███████▊  | 27049984/34567143 [04:13<00:58, 128231.96it/s]
 78%|███████▊  | 27066368/34567143 [04:13<00:57, 130266.50it/s]
 78%|███████▊  | 27082752/34567143 [04:13<01:00, 124200.37it/s]
 78%|███████▊  | 27099136/34567143 [04:14<00:59, 125011.03it/s]
 78%|███████▊  | 27115520/34567143 [04:14<00:58, 128408.11it/s]
 79%|███████▊  | 27148288/34567143 [04:14<00:53, 137660.88it/s]
 79%|███████▊  | 27181056/34567143 [04:14<00:51, 144625.52it/s]
 79%|███████▊  | 27213824/34567143 [04:14<00:49, 148937.42it/s]
 79%|███████▉  | 27230208/34567143 [04:14<00:49, 146848.41it/s]
 79%|███████▉  | 27246592/34567143 [04:15<00:49, 146906.61it/s]
 79%|███████▉  | 27279360/34567143 [04:15<00:48, 151657.87it/s]
 79%|███████▉  | 27295744/34567143 [04:15<00:47, 152997.73it/s]
 79%|███████▉  | 27312128/34567143 [04:15<00:47, 153750.95it/s]
 79%|███████▉  | 27328512/34567143 [04:15<01:13, 98796.43it/s] 
 79%|███████▉  | 27377664/34567143 [04:16<00:48, 147875.49it/s]
 79%|███████▉  | 27402240/34567143 [04:16<00:49, 144584.43it/s]
 79%|███████▉  | 27418624/34567143 [04:16<00:48, 146540.17it/s]
 79%|███████▉  | 27435008/34567143 [04:16<00:53, 134111.22it/s]
 79%|███████▉  | 27451392/34567143 [04:16<00:52, 136816.86it/s]
 79%|███████▉  | 27467776/34567143 [04:16<01:17, 91092.57it/s] 
 80%|███████▉  | 27508736/34567143 [04:17<01:01, 115049.47it/s]
 80%|███████▉  | 27525120/34567143 [04:17<01:04, 109147.79it/s]
 80%|███████▉  | 27541504/34567143 [04:17<01:02, 112684.42it/s]
 80%|███████▉  | 27557888/34567143 [04:17<01:04, 108779.41it/s]
 80%|███████▉  | 27574272/34567143 [04:17<01:01, 113443.91it/s]
 80%|███████▉  | 27590656/34567143 [04:17<01:00, 115850.57it/s]
 80%|███████▉  | 27607040/34567143 [04:18<01:19, 87939.83it/s] 
 80%|███████▉  | 27623424/34567143 [04:18<01:14, 92797.23it/s]
 80%|████████  | 27656192/34567143 [04:18<01:08, 100398.33it/s]
 80%|████████  | 27672576/34567143 [04:18<01:11, 95973.66it/s] 
 80%|████████  | 27688960/34567143 [04:19<01:12, 95500.30it/s]
 80%|████████  | 27705344/34567143 [04:19<01:13, 93197.78it/s]
 80%|████████  | 27721728/34567143 [04:19<01:05, 103906.47it/s]
 80%|████████  | 27738112/34567143 [04:19<01:06, 102592.41it/s]
 80%|████████  | 27754496/34567143 [04:19<01:26, 78650.95it/s] 
 80%|████████  | 27770880/34567143 [04:20<01:26, 78690.96it/s]
 80%|████████  | 27803648/34567143 [04:20<01:07, 100228.66it/s]
 80%|████████  | 27820032/34567143 [04:20<01:19, 84344.28it/s] 
 81%|████████  | 27852800/34567143 [04:20<01:17, 86259.61it/s]
 81%|████████  | 27869184/34567143 [04:21<01:21, 82597.35it/s]
 81%|████████  | 27885568/34567143 [04:21<01:21, 82405.35it/s]
 81%|████████  | 27901952/34567143 [04:21<01:21, 82266.43it/s]
 81%|████████  | 27918336/34567143 [04:21<01:20, 82712.78it/s]
 81%|████████  | 27934720/34567143 [04:22<01:31, 72707.35it/s]
 81%|████████  | 27951104/34567143 [04:22<01:24, 78258.76it/s]
 81%|████████  | 27967488/34567143 [04:22<01:27, 75023.94it/s]
 81%|████████  | 27983872/34567143 [04:22<01:46, 61852.21it/s]
 81%|████████  | 28000256/34567143 [04:23<01:38, 67003.21it/s]
 81%|████████  | 28016640/34567143 [04:23<01:47, 60952.31it/s]
 81%|████████  | 28033024/34567143 [04:23<01:46, 61099.83it/s]
 81%|████████  | 28049408/34567143 [04:23<01:48, 60255.86it/s]
 81%|████████  | 28065792/34567143 [04:24<01:43, 63077.06it/s]
 81%|████████  | 28082176/34567143 [04:24<01:40, 64467.30it/s]
 81%|████████▏ | 28098560/34567143 [04:24<01:39, 65277.57it/s]
 81%|████████▏ | 28114944/34567143 [04:24<01:33, 68885.53it/s]
 81%|████████▏ | 28131328/34567143 [04:25<01:28, 73050.18it/s]
 81%|████████▏ | 28147712/34567143 [04:25<01:21, 78840.06it/s]
 81%|████████▏ | 28164096/34567143 [04:25<01:22, 77251.44it/s]
 82%|████████▏ | 28180480/34567143 [04:25<01:18, 81815.86it/s]
 82%|████████▏ | 28196864/34567143 [04:25<01:14, 85482.83it/s]
 82%|████████▏ | 28213248/34567143 [04:25<01:14, 85808.89it/s]
 82%|████████▏ | 28229632/34567143 [04:26<01:36, 65825.71it/s]
 82%|████████▏ | 28262400/34567143 [04:26<01:21, 77441.87it/s]
 82%|████████▏ | 28295168/34567143 [04:27<01:17, 80583.10it/s]
 82%|████████▏ | 28311552/34567143 [04:27<01:24, 73939.34it/s]
 82%|████████▏ | 28327936/34567143 [04:27<01:31, 68262.70it/s]
 82%|████████▏ | 28344320/34567143 [04:27<01:36, 64319.42it/s]
 82%|████████▏ | 28360704/34567143 [04:28<01:32, 67218.29it/s]
 82%|████████▏ | 28377088/34567143 [04:28<01:29, 69161.69it/s]
 82%|████████▏ | 28393472/34567143 [04:28<01:28, 69812.92it/s]
 82%|████████▏ | 28409856/34567143 [04:28<01:27, 70079.02it/s]
 82%|████████▏ | 28426240/34567143 [04:29<01:24, 72299.32it/s]
 82%|████████▏ | 28442624/34567143 [04:29<01:17, 78561.32it/s]
 82%|████████▏ | 28459008/34567143 [04:29<01:17, 78979.59it/s]
 82%|████████▏ | 28475392/34567143 [04:29<01:15, 80856.65it/s]
 82%|████████▏ | 28491776/34567143 [04:29<01:11, 84741.50it/s]
 82%|████████▏ | 28508160/34567143 [04:29<01:07, 89391.42it/s]
 83%|████████▎ | 28524544/34567143 [04:30<01:06, 90718.46it/s]
 83%|████████▎ | 28540928/34567143 [04:30<01:01, 97907.76it/s]
 83%|████████▎ | 28557312/34567143 [04:30<00:59, 101826.95it/s]
 83%|████████▎ | 28573696/34567143 [04:30<00:57, 104347.84it/s]
 83%|████████▎ | 28590080/34567143 [04:30<00:59, 101192.60it/s]
 83%|████████▎ | 28606464/34567143 [04:30<00:57, 104151.88it/s]
 83%|████████▎ | 28622848/34567143 [04:30<00:52, 113363.82it/s]
 83%|████████▎ | 28639232/34567143 [04:31<00:50, 118095.02it/s]
 83%|████████▎ | 28655616/34567143 [04:31<00:49, 119437.85it/s]
 83%|████████▎ | 28672000/34567143 [04:31<00:45, 129077.34it/s]
 83%|████████▎ | 28688384/34567143 [04:31<01:03, 92097.04it/s] 
 83%|████████▎ | 28737536/34567143 [04:31<00:43, 133977.54it/s]
 83%|████████▎ | 28753920/34567143 [04:31<00:44, 130203.46it/s]
 83%|████████▎ | 28770304/34567143 [04:32<00:44, 130187.46it/s]
 83%|████████▎ | 28786688/34567143 [04:32<00:43, 133128.33it/s]
 83%|████████▎ | 28803072/34567143 [04:32<00:46, 124730.31it/s]
 83%|████████▎ | 28835840/34567143 [04:32<00:43, 132415.49it/s]
 83%|████████▎ | 28852224/34567143 [04:32<00:42, 132916.82it/s]
 84%|████████▎ | 28884992/34567143 [04:33<00:49, 114905.95it/s]
 84%|████████▎ | 28917760/34567143 [04:33<00:42, 134453.38it/s]
 84%|████████▎ | 28934144/34567143 [04:33<00:57, 97605.89it/s] 
 84%|████████▍ | 28966912/34567143 [04:33<00:49, 113927.26it/s]
 84%|████████▍ | 28983296/34567143 [04:34<01:02, 89865.18it/s] 
 84%|████████▍ | 28999680/34567143 [04:34<01:02, 89001.51it/s]
 84%|████████▍ | 29016064/34567143 [04:34<01:08, 81448.03it/s]
 84%|████████▍ | 29032448/34567143 [04:34<01:12, 76015.32it/s]
 84%|████████▍ | 29048832/34567143 [04:35<01:11, 76965.17it/s]
 84%|████████▍ | 29065216/34567143 [04:35<01:16, 72069.83it/s]
 84%|████████▍ | 29081600/34567143 [04:35<01:17, 70995.87it/s]
 84%|████████▍ | 29097984/34567143 [04:35<01:13, 74849.90it/s]
 84%|████████▍ | 29114368/34567143 [04:36<01:31, 59728.70it/s]
 84%|████████▍ | 29147136/34567143 [04:36<01:15, 71398.08it/s]
 84%|████████▍ | 29163520/34567143 [04:36<01:27, 61671.61it/s]
 84%|████████▍ | 29179904/34567143 [04:37<01:27, 61536.81it/s]
 84%|████████▍ | 29196288/34567143 [04:37<01:26, 62122.82it/s]
 85%|████████▍ | 29212672/34567143 [04:37<01:33, 57045.04it/s]
 85%|████████▍ | 29229056/34567143 [04:38<01:51, 47796.54it/s]
 85%|████████▍ | 29245440/34567143 [04:38<01:56, 45581.05it/s]
 85%|████████▍ | 29261824/34567143 [04:38<01:57, 45267.27it/s]
 85%|████████▍ | 29278208/34567143 [04:39<02:05, 42106.03it/s]
 85%|████████▍ | 29294592/34567143 [04:39<02:06, 41576.03it/s]
 85%|████████▍ | 29310976/34567143 [04:40<01:58, 44175.13it/s]
 85%|████████▍ | 29327360/34567143 [04:40<01:57, 44706.70it/s]
 85%|████████▍ | 29343744/34567143 [04:40<01:47, 48711.83it/s]
 85%|████████▍ | 29360128/34567143 [04:41<01:44, 49644.30it/s]
 85%|████████▍ | 29376512/34567143 [04:41<01:41, 51364.88it/s]
 85%|████████▌ | 29392896/34567143 [04:41<01:34, 54797.81it/s]
 85%|████████▌ | 29409280/34567143 [04:41<01:31, 56624.80it/s]
 85%|████████▌ | 29425664/34567143 [04:42<01:29, 57760.01it/s]
 85%|████████▌ | 29442048/34567143 [04:42<01:23, 61560.81it/s]
 85%|████████▌ | 29458432/34567143 [04:42<01:22, 61572.39it/s]
 85%|████████▌ | 29474816/34567143 [04:42<01:14, 68593.26it/s]
 85%|████████▌ | 29491200/34567143 [04:43<01:10, 72138.52it/s]
 85%|████████▌ | 29507584/34567143 [04:43<01:10, 71916.74it/s]
 85%|████████▌ | 29523968/34567143 [04:43<01:00, 84009.46it/s]
 85%|████████▌ | 29540352/34567143 [04:43<00:53, 93626.15it/s]
 86%|████████▌ | 29556736/34567143 [04:43<00:49, 100405.51it/s]
 86%|████████▌ | 29573120/34567143 [04:43<00:43, 113582.21it/s]
 86%|████████▌ | 29589504/34567143 [04:43<00:40, 123706.79it/s]
 86%|████████▌ | 29622272/34567143 [04:44<00:50, 97606.96it/s] 
 86%|████████▌ | 29687808/34567143 [04:44<00:31, 156518.90it/s]
 86%|████████▌ | 29712384/34567143 [04:44<00:28, 171020.61it/s]
 86%|████████▌ | 29736960/34567143 [04:44<00:32, 150100.60it/s]
 86%|████████▌ | 29761536/34567143 [04:44<00:30, 155459.90it/s]
 86%|████████▌ | 29786112/34567143 [04:45<00:47, 100541.48it/s]
 86%|████████▋ | 29851648/34567143 [04:45<00:30, 154388.58it/s]
 86%|████████▋ | 29876224/34567143 [04:45<00:29, 161260.03it/s]
 87%|████████▋ | 29900800/34567143 [04:46<00:33, 139036.67it/s]
 87%|████████▋ | 29917184/34567143 [04:46<00:34, 135352.72it/s]
 87%|████████▋ | 29933568/34567143 [04:46<00:36, 127360.69it/s]
 87%|████████▋ | 29949952/34567143 [04:46<00:36, 125958.71it/s]
 87%|████████▋ | 29966336/34567143 [04:46<00:37, 123366.66it/s]
 87%|████████▋ | 29999104/34567143 [04:46<00:37, 122142.34it/s]
 87%|████████▋ | 30015488/34567143 [04:47<00:56, 80817.12it/s] 
 87%|████████▋ | 30064640/34567143 [04:47<00:40, 112486.54it/s]
 87%|████████▋ | 30081024/34567143 [04:47<00:42, 105904.70it/s]
 87%|████████▋ | 30097408/34567143 [04:47<00:41, 108541.15it/s]
 87%|████████▋ | 30113792/34567143 [04:48<00:40, 109215.66it/s]
 87%|████████▋ | 30130176/34567143 [04:48<00:41, 106216.01it/s]
 87%|████████▋ | 30146560/34567143 [04:48<00:41, 107401.24it/s]
 87%|████████▋ | 30162944/34567143 [04:48<00:40, 109434.08it/s]
 87%|████████▋ | 30179328/34567143 [04:48<00:38, 115064.49it/s]
 87%|████████▋ | 30195712/34567143 [04:48<00:38, 114465.89it/s]
 87%|████████▋ | 30212096/34567143 [04:48<00:34, 124753.98it/s]
 87%|████████▋ | 30228480/34567143 [04:49<00:57, 75621.82it/s] 
 88%|████████▊ | 30277632/34567143 [04:49<00:37, 115879.89it/s]
 88%|████████▊ | 30294016/34567143 [04:49<00:40, 106200.67it/s]
 88%|████████▊ | 30310400/34567143 [04:49<00:44, 95312.96it/s] 
 88%|████████▊ | 30326784/34567143 [04:50<00:41, 101231.63it/s]
 88%|████████▊ | 30343168/34567143 [04:50<00:43, 97202.92it/s] 
 88%|████████▊ | 30375936/34567143 [04:50<00:45, 92193.95it/s]
 88%|████████▊ | 30392320/34567143 [04:50<00:52, 78775.09it/s]
 88%|████████▊ | 30425088/34567143 [04:51<00:39, 104168.26it/s]
 88%|████████▊ | 30441472/34567143 [04:51<00:56, 72816.27it/s] 
 88%|████████▊ | 30474240/34567143 [04:51<00:45, 90045.37it/s]
 88%|████████▊ | 30490624/34567143 [04:52<00:48, 83741.23it/s]
 88%|████████▊ | 30507008/34567143 [04:52<00:53, 76003.96it/s]
 88%|████████▊ | 30523392/34567143 [04:52<00:48, 82975.28it/s]
 88%|████████▊ | 30539776/34567143 [04:52<00:47, 85427.80it/s]
 88%|████████▊ | 30556160/34567143 [04:52<00:53, 74895.08it/s]
 88%|████████▊ | 30588928/34567143 [04:53<00:48, 82561.02it/s]
 89%|████████▊ | 30605312/34567143 [04:53<00:47, 83805.87it/s]
 89%|████████▊ | 30621696/34567143 [04:53<00:43, 90871.34it/s]
 89%|████████▊ | 30638080/34567143 [04:53<00:43, 89609.72it/s]
 89%|████████▊ | 30654464/34567143 [04:53<00:41, 93817.22it/s]
 89%|████████▊ | 30670848/34567143 [04:54<00:42, 92083.28it/s]
 89%|████████▉ | 30687232/34567143 [04:54<00:42, 91280.62it/s]
 89%|████████▉ | 30703616/34567143 [04:54<00:42, 91501.79it/s]
 89%|████████▉ | 30720000/34567143 [04:54<00:39, 96380.78it/s]
 89%|████████▉ | 30736384/34567143 [04:54<00:37, 103023.27it/s]
 89%|████████▉ | 30752768/34567143 [04:55<00:40, 94630.96it/s] 
 89%|████████▉ | 30769152/34567143 [04:55<00:44, 84508.15it/s]
 89%|████████▉ | 30801920/34567143 [04:55<00:41, 89811.89it/s]
 89%|████████▉ | 30818304/34567143 [04:55<00:42, 87554.25it/s]
 89%|████████▉ | 30834688/34567143 [04:55<00:39, 95179.80it/s]
 89%|████████▉ | 30851072/34567143 [04:56<00:40, 91917.65it/s]
 89%|████████▉ | 30883840/34567143 [04:56<00:34, 107983.25it/s]
 89%|████████▉ | 30916608/34567143 [04:56<00:30, 117963.34it/s]
 89%|████████▉ | 30932992/34567143 [04:56<00:30, 118111.00it/s]
 90%|████████▉ | 30965760/34567143 [04:56<00:25, 141226.16it/s]
 90%|████████▉ | 30982144/34567143 [04:57<00:26, 136462.40it/s]
 90%|████████▉ | 31014912/34567143 [04:57<00:25, 139741.41it/s]
 90%|████████▉ | 31047680/34567143 [04:57<00:21, 164189.52it/s]
 90%|████████▉ | 31072256/34567143 [04:57<00:20, 167214.99it/s]
 90%|█████████ | 31113216/34567143 [04:57<00:18, 188367.96it/s]
 90%|█████████ | 31137792/34567143 [04:57<00:18, 183202.71it/s]
 90%|█████████ | 31162368/34567143 [04:58<00:19, 173383.79it/s]
 90%|█████████ | 31195136/34567143 [04:58<00:17, 192027.72it/s]
 90%|█████████ | 31244288/34567143 [04:58<00:13, 253461.38it/s]
 90%|█████████ | 31277056/34567143 [04:58<00:19, 165483.69it/s]
 91%|█████████ | 31375360/34567143 [04:58<00:14, 218591.91it/s]
 91%|█████████ | 31473664/34567143 [04:59<00:11, 281191.00it/s]
 91%|█████████ | 31506432/34567143 [04:59<00:11, 264423.32it/s]
 91%|█████████ | 31539200/34567143 [04:59<00:19, 154655.58it/s]
 91%|█████████▏| 31604736/34567143 [05:00<00:16, 176949.47it/s]
 92%|█████████▏| 31629312/34567143 [05:00<00:19, 147744.98it/s]
 92%|█████████▏| 31653888/34567143 [05:00<00:21, 135219.97it/s]
 92%|█████████▏| 31670272/34567143 [05:01<00:29, 97307.23it/s] 
 92%|█████████▏| 31703040/34567143 [05:01<00:25, 111119.35it/s]
 92%|█████████▏| 31719424/34567143 [05:01<00:29, 97934.38it/s] 
 92%|█████████▏| 31735808/34567143 [05:01<00:29, 95008.18it/s]
 92%|█████████▏| 31752192/34567143 [05:02<00:31, 88723.16it/s]
 92%|█████████▏| 31768576/34567143 [05:02<00:44, 62987.33it/s]
 92%|█████████▏| 31801344/34567143 [05:02<00:35, 77402.68it/s]
 92%|█████████▏| 31817728/34567143 [05:03<00:37, 73559.80it/s]
 92%|█████████▏| 31834112/34567143 [05:03<00:39, 69425.34it/s]
 92%|█████████▏| 31850496/34567143 [05:03<00:38, 70531.70it/s]
 92%|█████████▏| 31866880/34567143 [05:03<00:38, 70696.53it/s]
 92%|█████████▏| 31883264/34567143 [05:03<00:35, 75440.75it/s]
 92%|█████████▏| 31899648/34567143 [05:04<00:34, 78030.78it/s]
 92%|█████████▏| 31916032/34567143 [05:04<00:31, 83336.98it/s]
 92%|█████████▏| 31932416/34567143 [05:04<00:29, 90435.65it/s]
 92%|█████████▏| 31948800/34567143 [05:04<00:29, 88837.62it/s]
 92%|█████████▏| 31965184/34567143 [05:05<00:38, 67548.64it/s]
 93%|█████████▎| 31997952/34567143 [05:05<00:31, 80873.96it/s]
 93%|█████████▎| 32014336/34567143 [05:05<00:34, 74806.49it/s]
 93%|█████████▎| 32030720/34567143 [05:05<00:37, 68005.27it/s]
 93%|█████████▎| 32047104/34567143 [05:06<00:40, 61786.21it/s]
 93%|█████████▎| 32063488/34567143 [05:06<00:41, 60343.62it/s]
 93%|█████████▎| 32079872/34567143 [05:07<00:52, 47007.25it/s]
 93%|█████████▎| 32096256/34567143 [05:07<00:52, 46691.28it/s]
 93%|█████████▎| 32112640/34567143 [05:07<00:52, 47137.80it/s]
 93%|█████████▎| 32129024/34567143 [05:08<00:51, 47012.83it/s]
 93%|█████████▎| 32145408/34567143 [05:08<00:49, 48979.87it/s]
 93%|█████████▎| 32161792/34567143 [05:08<00:46, 51887.43it/s]
 93%|█████████▎| 32178176/34567143 [05:08<00:42, 56389.16it/s]
 93%|█████████▎| 32194560/34567143 [05:09<00:43, 54646.03it/s]
 93%|█████████▎| 32210944/34567143 [05:09<00:41, 56875.03it/s]
 93%|█████████▎| 32227328/34567143 [05:09<00:38, 60366.90it/s]
 93%|█████████▎| 32243712/34567143 [05:10<00:38, 60637.28it/s]
 93%|█████████▎| 32260096/34567143 [05:10<00:35, 65142.27it/s]
 93%|█████████▎| 32276480/34567143 [05:10<00:33, 69264.95it/s]
 93%|█████████▎| 32292864/34567143 [05:10<00:30, 75417.64it/s]
 93%|█████████▎| 32309248/34567143 [05:10<00:27, 80957.28it/s]
 94%|█████████▎| 32325632/34567143 [05:10<00:24, 90225.53it/s]
 94%|█████████▎| 32342016/34567143 [05:11<00:22, 97407.83it/s]
 94%|█████████▎| 32358400/34567143 [05:11<00:41, 52861.54it/s]
 94%|█████████▍| 32423936/34567143 [05:11<00:18, 116122.61it/s]
 94%|█████████▍| 32448512/34567143 [05:12<00:17, 122145.83it/s]
 94%|█████████▍| 32464896/34567143 [05:12<00:16, 126498.84it/s]
 94%|█████████▍| 32481280/34567143 [05:12<00:18, 112595.27it/s]
 94%|█████████▍| 32497664/34567143 [05:12<00:17, 117650.89it/s]
 94%|█████████▍| 32514048/34567143 [05:12<00:17, 114104.45it/s]
 94%|█████████▍| 32530432/34567143 [05:12<00:17, 119058.03it/s]
 94%|█████████▍| 32546816/34567143 [05:12<00:16, 123966.98it/s]
 94%|█████████▍| 32563200/34567143 [05:13<00:25, 79027.07it/s] 
 94%|█████████▍| 32604160/34567143 [05:13<00:18, 104987.13it/s]
 94%|█████████▍| 32620544/34567143 [05:13<00:18, 104894.27it/s]
 94%|█████████▍| 32636928/34567143 [05:13<00:18, 104048.59it/s]
 94%|█████████▍| 32653312/34567143 [05:14<00:18, 102977.28it/s]
 95%|█████████▍| 32669696/34567143 [05:14<00:17, 110508.79it/s]
 95%|█████████▍| 32686080/34567143 [05:14<00:15, 121048.99it/s]
 95%|█████████▍| 32702464/34567143 [05:14<00:15, 116965.94it/s]
 95%|█████████▍| 32718848/34567143 [05:14<00:20, 89444.59it/s] 
 95%|█████████▍| 32735232/34567143 [05:14<00:19, 91600.01it/s]
 95%|█████████▍| 32768000/34567143 [05:14<00:14, 124171.10it/s]
 95%|█████████▍| 32784384/34567143 [05:15<00:17, 99302.21it/s] 
 95%|█████████▍| 32800768/34567143 [05:15<00:19, 88926.02it/s]
 95%|█████████▍| 32817152/34567143 [05:15<00:26, 65931.67it/s]
 95%|█████████▌| 32866304/34567143 [05:16<00:20, 84035.53it/s]
 95%|█████████▌| 32882688/34567143 [05:16<00:20, 81760.02it/s]
 95%|█████████▌| 32899072/34567143 [05:16<00:21, 76408.13it/s]
 95%|█████████▌| 32915456/34567143 [05:17<00:22, 74093.44it/s]
 95%|█████████▌| 32931840/34567143 [05:17<00:22, 73944.04it/s]
 95%|█████████▌| 32948224/34567143 [05:17<00:23, 69590.96it/s]
 95%|█████████▌| 32964608/34567143 [05:18<00:28, 57089.05it/s]
 95%|█████████▌| 32980992/34567143 [05:18<00:26, 60189.22it/s]
 95%|█████████▌| 32997376/34567143 [05:18<00:28, 55222.32it/s]
 96%|█████████▌| 33013760/34567143 [05:19<00:34, 45249.32it/s]
 96%|█████████▌| 33030144/34567143 [05:19<00:29, 52125.73it/s]
 96%|█████████▌| 33046528/34567143 [05:19<00:35, 43047.17it/s]
 96%|█████████▌| 33062912/34567143 [05:20<00:40, 37113.98it/s]
 96%|█████████▌| 33079296/34567143 [05:20<00:41, 35904.06it/s]
 96%|█████████▌| 33095680/34567143 [05:21<00:39, 37004.49it/s]
 96%|█████████▌| 33112064/34567143 [05:21<00:38, 37891.80it/s]
 96%|█████████▌| 33128448/34567143 [05:22<00:38, 37278.53it/s]
 96%|█████████▌| 33144832/34567143 [05:22<00:33, 41905.53it/s]
 96%|█████████▌| 33161216/34567143 [05:22<00:30, 45964.39it/s]
 96%|█████████▌| 33177600/34567143 [05:23<00:29, 46738.91it/s]
 96%|█████████▌| 33193984/34567143 [05:23<00:34, 40040.22it/s]
 96%|█████████▌| 33226752/34567143 [05:24<00:26, 49684.75it/s]
 96%|█████████▌| 33243136/34567143 [05:24<00:26, 49194.39it/s]
 96%|█████████▌| 33259520/34567143 [05:24<00:26, 48882.39it/s]
 96%|█████████▋| 33275904/34567143 [05:25<00:27, 47314.91it/s]
 96%|█████████▋| 33292288/34567143 [05:25<00:26, 47507.04it/s]
 96%|█████████▋| 33308672/34567143 [05:25<00:28, 43499.64it/s]
 96%|█████████▋| 33325056/34567143 [05:26<00:28, 44284.15it/s]
 96%|█████████▋| 33341440/34567143 [05:26<00:25, 48853.01it/s]
 97%|█████████▋| 33357824/34567143 [05:26<00:24, 48843.54it/s]
 97%|█████████▋| 33374208/34567143 [05:27<00:23, 50657.93it/s]
 97%|█████████▋| 33390592/34567143 [05:27<00:22, 52755.66it/s]
 97%|█████████▋| 33406976/34567143 [05:27<00:23, 50164.84it/s]
 97%|█████████▋| 33423360/34567143 [05:27<00:18, 62201.87it/s]
 97%|█████████▋| 33439744/34567143 [05:28<00:19, 57427.31it/s]
 97%|█████████▋| 33456128/34567143 [05:28<00:20, 53297.74it/s]
 97%|█████████▋| 33472512/34567143 [05:28<00:20, 54300.07it/s]
 97%|█████████▋| 33488896/34567143 [05:29<00:20, 53283.56it/s]
 97%|█████████▋| 33505280/34567143 [05:29<00:17, 59765.00it/s]
 97%|█████████▋| 33521664/34567143 [05:29<00:18, 57734.41it/s]
 97%|█████████▋| 33538048/34567143 [05:30<00:17, 60070.69it/s]
 97%|█████████▋| 33554432/34567143 [05:30<00:16, 60208.62it/s]
 97%|█████████▋| 33570816/34567143 [05:30<00:15, 63950.41it/s]
 97%|█████████▋| 33587200/34567143 [05:30<00:14, 66115.74it/s]
 97%|█████████▋| 33603584/34567143 [05:30<00:13, 69774.95it/s]
 97%|█████████▋| 33619968/34567143 [05:31<00:13, 70546.89it/s]
 97%|█████████▋| 33636352/34567143 [05:31<00:12, 75001.95it/s]
 97%|█████████▋| 33652736/34567143 [05:31<00:11, 78830.44it/s]
 97%|█████████▋| 33669120/34567143 [05:31<00:14, 60673.62it/s]
 97%|█████████▋| 33701888/34567143 [05:32<00:14, 61052.13it/s]
 98%|█████████▊| 33718272/34567143 [05:32<00:14, 59301.53it/s]
 98%|█████████▊| 33734656/34567143 [05:33<00:16, 50661.60it/s]
 98%|█████████▊| 33751040/34567143 [05:33<00:15, 53445.53it/s]
 98%|█████████▊| 33767424/34567143 [05:33<00:15, 50236.66it/s]
 98%|█████████▊| 33783808/34567143 [05:34<00:16, 46613.02it/s]
 98%|█████████▊| 33800192/34567143 [05:34<00:17, 43749.56it/s]
 98%|█████████▊| 33816576/34567143 [05:35<00:16, 45656.07it/s]
 98%|█████████▊| 33832960/34567143 [05:35<00:15, 48847.77it/s]
 98%|█████████▊| 33849344/34567143 [05:35<00:16, 42277.98it/s]
 98%|█████████▊| 33865728/34567143 [05:36<00:16, 43204.52it/s]
 98%|█████████▊| 33882112/34567143 [05:36<00:16, 42692.38it/s]
 98%|█████████▊| 33898496/34567143 [05:36<00:14, 45356.02it/s]
 98%|█████████▊| 33914880/34567143 [05:37<00:13, 47920.31it/s]
 98%|█████████▊| 33931264/34567143 [05:37<00:12, 50200.79it/s]
 98%|█████████▊| 33947648/34567143 [05:37<00:12, 48691.31it/s]
 98%|█████████▊| 33964032/34567143 [05:38<00:11, 51720.09it/s]
 98%|█████████▊| 33980416/34567143 [05:38<00:11, 52471.93it/s]
 98%|█████████▊| 33996800/34567143 [05:38<00:11, 48888.31it/s]
 98%|█████████▊| 34013184/34567143 [05:39<00:10, 53608.87it/s]
 98%|█████████▊| 34029568/34567143 [05:39<00:13, 41175.39it/s]
 98%|█████████▊| 34045952/34567143 [05:40<00:13, 38982.03it/s]
 99%|█████████▊| 34062336/34567143 [05:40<00:11, 44922.01it/s]
 99%|█████████▊| 34078720/34567143 [05:40<00:11, 43752.10it/s]
 99%|█████████▊| 34095104/34567143 [05:41<00:10, 44322.59it/s]
 99%|█████████▊| 34111488/34567143 [05:41<00:09, 45914.59it/s]
 99%|█████████▊| 34127872/34567143 [05:41<00:09, 45492.67it/s]
 99%|█████████▉| 34144256/34567143 [05:42<00:08, 47516.24it/s]
 99%|█████████▉| 34160640/34567143 [05:42<00:08, 49250.06it/s]
 99%|█████████▉| 34177024/34567143 [05:42<00:07, 52846.50it/s]
 99%|█████████▉| 34193408/34567143 [05:43<00:07, 51100.08it/s]
 99%|█████████▉| 34209792/34567143 [05:43<00:07, 49993.16it/s]
 99%|█████████▉| 34226176/34567143 [05:44<00:09, 34876.44it/s]
 99%|█████████▉| 34258944/34567143 [05:44<00:07, 42283.34it/s]
 99%|█████████▉| 34275328/34567143 [05:45<00:08, 32568.86it/s]
 99%|█████████▉| 34291712/34567143 [05:46<00:08, 30859.00it/s]
 99%|█████████▉| 34308096/34567143 [05:46<00:08, 30769.50it/s]
 99%|█████████▉| 34324480/34567143 [05:47<00:06, 35247.79it/s]
 99%|█████████▉| 34340864/34567143 [05:47<00:06, 36741.30it/s]
 99%|█████████▉| 34357248/34567143 [05:47<00:05, 40202.30it/s]
 99%|█████████▉| 34373632/34567143 [05:48<00:04, 44825.36it/s]
 99%|█████████▉| 34390016/34567143 [05:48<00:03, 49215.05it/s]
100%|█████████▉| 34406400/34567143 [05:48<00:03, 50409.06it/s]
100%|█████████▉| 34422784/34567143 [05:48<00:02, 56249.51it/s]
100%|█████████▉| 34439168/34567143 [05:49<00:02, 61545.70it/s]
100%|█████████▉| 34455552/34567143 [05:49<00:01, 66937.75it/s]
100%|█████████▉| 34471936/34567143 [05:49<00:01, 72025.18it/s]
100%|█████████▉| 34488320/34567143 [05:49<00:01, 77378.40it/s]
100%|█████████▉| 34504704/34567143 [05:49<00:00, 88745.96it/s]
100%|█████████▉| 34521088/34567143 [05:49<00:00, 95970.99it/s]
100%|█████████▉| 34537472/34567143 [05:49<00:00, 106274.14it/s]
100%|█████████▉| 34553856/34567143 [05:50<00:00, 116925.83it/s]
100%|██████████| 34567143/34567143 [05:50<00:00, 98745.64it/s] 

Loading weights:   0%|          | 0/199 [00:00<?, ?it/s]
Loading weights:   1%|          | 1/199 [00:00<01:02,  3.14it/s]
Loading weights:   5%|▌         | 10/199 [00:00<00:06, 29.12it/s]
Loading weights:  11%|█         | 21/199 [00:00<00:03, 50.61it/s]
Loading weights:  14%|█▍        | 28/199 [00:00<00:03, 43.48it/s]
Loading weights:  19%|█▉        | 38/199 [00:00<00:02, 55.63it/s]
Loading weights:  34%|███▎      | 67/199 [00:01<00:01, 100.46it/s]
Loading weights:  39%|███▉      | 78/199 [00:01<00:01, 94.96it/s] 
Loading weights:  53%|█████▎    | 106/199 [00:01<00:00, 137.61it/s]
Loading weights:  64%|██████▍   | 128/199 [00:01<00:00, 142.32it/s]
Loading weights:  72%|███████▏  | 144/199 [00:01<00:00, 131.61it/s]
Loading weights: 100%|██████████| 199/199 [00:01<00:00, 127.62it/s]

Batches:   0%|          | 0/14 [00:00<?, ?it/s]
Batches:   7%|▋         | 1/14 [00:17<03:42, 17.12s/it]
Batches:  14%|█▍        | 2/14 [00:18<01:35,  7.94s/it]
Batches:  21%|██▏       | 3/14 [00:20<00:55,  5.04s/it]
Batches:  29%|██▊       | 4/14 [00:21<00:36,  3.63s/it]
Batches:  36%|███▌      | 5/14 [00:23<00:25,  2.82s/it]
Batches:  43%|████▎     | 6/14 [00:24<00:18,  2.35s/it]
Batches:  50%|█████     | 7/14 [00:25<00:14,  2.03s/it]
Batches:  57%|█████▋    | 8/14 [00:27<00:10,  1.82s/it]
Batches:  64%|██████▍   | 9/14 [00:28<00:08,  1.69s/it]
Batches:  71%|███████▏  | 10/14 [00:30<00:06,  1.61s/it]
Batches:  79%|███████▊  | 11/14 [00:31<00:04,  1.57s/it]
Batches:  86%|████████▌ | 12/14 [00:33<00:03,  1.54s/it]
Batches:  93%|█████████▎| 13/14 [00:34<00:01,  1.50s/it]
Batches: 100%|██████████| 14/14 [00:35<00:00,  1.42s/it]
Batches: 100%|██████████| 14/14 [00:35<00:00,  2.55s/it]
Run ended: 2026-09-04T15:56:24
